Feature,LR_Coefficient,LR_Abs,RF_Importance
AC005534.1,-0.13232366841892237,0.13232366841892237,0.011896290262129489
snoZ196,0.09665122792389665,0.09665122792389665,0.000356941149892693
ANKRD35,0.09134422436118132,0.09134422436118132,0.001097268572480657
AC005083.1,-0.08987433797047724,0.08987433797047724,0.0
FP236383.7,-0.08770493803656058,0.08770493803656058,0.012259038484820382
MIR6871,0.08406149528387587,0.08406149528387587,0.0
CCL3L3,-0.0831321523200667,0.0831321523200667,0.0006129875753097716
CCL3,-0.0816575504638103,0.0816575504638103,0.003483521075871656
AC074254.2,-0.0799363587177144,0.0799363587177144,0.0
RNU7-160P,0.07750319650242439,0.07750319650242439,0.0
GNS,0.0770820687947973,0.0770820687947973,0.014518402123405005
RNU6-882P,0.07679124205724662,0.07679124205724662,0.0
MIR553,0.07591809213257052,0.07591809213257052,7.919935286039453e-05
RNU6-476P,-0.07485051312062856,0.07485051312062856,0.0
LINC00706,-0.07452726170524862,0.07452726170524862,0.006261150701554518
RNU7-151P,0.07447644249605523,0.07447644249605523,2.280004273660074e-19
HOXC13,-0.07409887545877467,0.07409887545877467,0.004067973610177535
AC073136.1,0.07381511305214893,0.07381511305214893,0.009912443777288239
PRIMA1,-0.07377336175300597,0.07377336175300597,0.005545354794950608
AC100810.7,-0.07309407249508851,0.07309407249508851,0.0
H3C12,-0.07294006997725666,0.07294006997725666,1.8713265005549838e-19
CCL4L2,-0.07293677772332743,0.07293677772332743,0.0025591648836866578
ZFX,0.07273366353233915,0.07273366353233915,0.02466210012006377
AC008147.3,-0.07234290824311208,0.07234290824311208,0.005311628477469175
RAB3GAP2,0.07220952384714917,0.07220952384714917,0.01574717720264505
AC010970.1,-0.0718122558359196,0.0718122558359196,0.0032034598897734234
BX322639.1,-0.07157862677128711,0.07157862677128711,0.012507290419762724
AC116913.1,-0.07078751362976704,0.07078751362976704,0.0
CCL4,-0.07044080378988918,0.07044080378988918,0.003208333809119476
BLOC1S4,-0.0685597781684941,0.0685597781684941,9.517031917108187e-18
AC126773.4,-0.06833312607122939,0.06833312607122939,0.0017506312294188187
TMEM132C,-0.06713753322071048,0.06713753322071048,0.007620302447432182
RAC1P4,-0.06576101747988991,0.06576101747988991,0.0032122600349040135
RPSAP11,-0.06512916207602545,0.06512916207602545,0.0
GFRA1,-0.06472089340754687,0.06472089340754687,0.01997877090932336
H2BU1,-0.06420902336542705,0.06420902336542705,0.0010810810810810813
AL353708.1,-0.06409884040345906,0.06409884040345906,0.002432359307359309
TENM2,-0.06374714162352357,0.06374714162352357,0.00250753184135082
AC024995.1,-0.06357456027890183,0.06357456027890183,0.00023596938775509937
CCDC9B,0.06351107957563627,0.06351107957563627,0.005484938755680131
FOSB,-0.06340173250735275,0.06340173250735275,0.000745295159122408
XPOT,0.06333982822044931,0.06333982822044931,0.006292452071464261
CMTM2,-0.06319622958004621,0.06319622958004621,0.007667557574177245
AL451050.2,0.06311275574805435,0.06311275574805435,8.696000908606308e-19
RN7SL767P,0.06267328175449832,0.06267328175449832,1.1680921192130674e-17
AC099681.2,0.06267297768781707,0.06267297768781707,0.0
AC005520.4,0.06241224873644615,0.06241224873644615,0.00018249018249018228
AC099681.1,0.062403337675218676,0.062403337675218676,0.0022764074562229312
LINC02361,-0.062178154660440445,0.062178154660440445,0.0
SNRPGP14,0.06153797752493887,0.06153797752493887,0.0
COX7A2P2,-0.06098895672257407,0.06098895672257407,0.024890407228872116
AC097537.1,-0.06002007218304162,0.06002007218304162,0.002030082673684361
MARCHF9,-0.059717397317537634,0.059717397317537634,0.0050368792732241475
COX6C,-0.05971577604026696,0.05971577604026696,0.003774644224027216
HMX1,-0.05968924764769239,0.05968924764769239,0.007436363777678178
HAP1,0.059602634437736134,0.059602634437736134,0.0
AL606970.4,-0.05955766160815696,0.05955766160815696,0.008868247697110525
EEF1E1,-0.05948311568790501,0.05948311568790501,0.0
DNAJC30,-0.05937852752953362,0.05937852752953362,0.0
AL135786.1,-0.05935294789505191,0.05935294789505191,0.0008090295450086998
AC092645.2,-0.05907196526500693,0.05907196526500693,0.0
RPP25,-0.05902915232926893,0.05902915232926893,0.0013697497547291281
MIR4420,0.05893964971658475,0.05893964971658475,0.0
PCDHB3,0.058621167397446876,0.058621167397446876,0.0
THY1,-0.05856260743495565,0.05856260743495565,0.0066415542483802
CDH8,-0.05838317701818102,0.05838317701818102,0.005351614943053637
AL662797.1,0.05776874032317462,0.05776874032317462,1.5301741988551046e-18
RNA5SP243,-0.05755415079778936,0.05755415079778936,0.0
TMEM88,-0.05748410374773803,0.05748410374773803,0.008705764625564065
IMMP2L,-0.056664182004512356,0.056664182004512356,0.003908314022147783
TRIM47,0.05660636231572944,0.05660636231572944,0.00043513388734995635
RARA-AS1,-0.05647373787827996,0.05647373787827996,0.003588179756617263
AP000223.1,-0.05614123819312889,0.05614123819312889,0.00040287317427815163
RPL9P28,-0.0555817692889717,0.0555817692889717,0.0022778354080221306
NRG1,-0.05554653944537216,0.05554653944537216,0.0007960601840084037
SMIM18,-0.05550690246744281,0.05550690246744281,0.00910027155084256
AC244517.1,0.05546954513311117,0.05546954513311117,0.0
MIR4458HG,-0.055223738227335506,0.055223738227335506,0.0007501938701498454
AL353807.3,0.05470419077944791,0.05470419077944791,0.0
LINC01750,-0.05467296063631873,0.05467296063631873,0.0024010035998690937
SESN3,0.05415789595428305,0.05415789595428305,0.0032678199088732704
NAT16,-0.053231929208940716,0.053231929208940716,0.007848389947249285
AC106052.1,-0.05315391650135722,0.05315391650135722,0.0
GSTT2B,0.05285531636173651,0.05285531636173651,3.522540249550905e-18
LINC01894,0.05281774301421741,0.05281774301421741,0.0
AD000090.1,-0.05263273580424032,0.05263273580424032,0.0032122600349040226
RPL10P13,0.05240409134168698,0.05240409134168698,0.0
RIT2,-0.052342127881446536,0.052342127881446536,0.004967341796582583
AC000067.1,-0.05200650753608767,0.05200650753608767,0.0043808332558014215
AP001282.2,0.051837743780840266,0.051837743780840266,0.0
EIF3J-DT,0.05181766364779874,0.05181766364779874,0.0007030988656752729
AC072052.1,-0.05165813123703772,0.05165813123703772,0.0035331185105621056
AP002840.2,0.0516250603210759,0.0516250603210759,0.00014035087719298556
RSL24D1P1,-0.05134692927382028,0.05134692927382028,0.0006041665264966235
RASSF1,0.05109383246316026,0.05109383246316026,0.0
AC104695.3,-0.05088529402096311,0.05088529402096311,0.0
HOXD9,-0.05083155966161544,0.05083155966161544,0.0009279857358037849
AC002059.1,-0.050760936206445895,0.050760936206445895,0.0
FKBP1B,-0.05072662355050555,0.05072662355050555,0.0033495402937384687
POPDC3,-0.05064574989060941,0.05064574989060941,0.0008293932230102438
AGRP,0.05052951292005474,0.05052951292005474,0.0
TXNL4B,-0.050456134144135315,0.050456134144135315,0.0008865463638081658
AC005034.4,-0.05037268675082118,0.05037268675082118,0.0
PRDX6-AS1,0.050268178311978384,0.050268178311978384,1.4643801901865815e-17
NEUROD6,-0.05015635510496428,0.05015635510496428,0.01683733429663516
ZNF148,0.05015193102027241,0.05015193102027241,0.001615928388251053
DYNC2H1,0.0499292813188894,0.0499292813188894,0.003192982456140346
GSTT2,0.04986615425015513,0.04986615425015513,0.0
C11orf96,-0.04984567407451742,0.04984567407451742,0.0008875043877901184
ROGDI,-0.04951488848228835,0.04951488848228835,0.002746233474784282
CDC73,0.049511138444197536,0.049511138444197536,0.0050829037168259785
HOXC11,-0.04950524595375183,0.04950524595375183,0.0028669240243965406
MIER1,0.04949085285239155,0.04949085285239155,0.0043547872786544725
GNL3L,0.04940451131124107,0.04940451131124107,0.0
CLEC18A,0.048635792743519826,0.048635792743519826,0.0012324191981690704
GTF2IP4,-0.04846432487236866,0.04846432487236866,0.0
GULP1,0.04817895387869335,0.04817895387869335,3.959397525096882e-18
POLR1E,0.04787380430313778,0.04787380430313778,0.0001403508771929818
HSPE1P8,-0.047657691710266924,0.047657691710266924,0.005542066151267407
NUTM2A-AS1,0.04757558256169135,0.04757558256169135,0.0
RARA,-0.04739697344110346,0.04739697344110346,0.0
WASHC3,-0.04731990340290752,0.04731990340290752,0.0008904579265457935
NBR2,0.047309807967193376,0.047309807967193376,9.86864910777917e-19
MIR8078,0.047233759361423926,0.047233759361423926,2.1594552713752487e-17
HYLS1,-0.04720588285178815,0.04720588285178815,0.0042079221995149395
MXRA8,0.04689344654764335,0.04689344654764335,0.003883879523220137
AC010319.3,0.046885989707764864,0.046885989707764864,0.0055134283494247946
IDE,0.046860798643346,0.046860798643346,0.009895402089128818
YWHAH,-0.04685151857879181,0.04685151857879181,3.3862098581471112e-18
TTC4,0.046705719619215574,0.046705719619215574,0.0
RNU6-216P,0.04665576916273391,0.04665576916273391,5.426846851609447e-18
KDM6A,0.046385731660140254,0.046385731660140254,0.003215514105731483
CBX3P9,-0.046303189995096944,0.046303189995096944,0.0
RNU7-154P,0.046222138359378925,0.046222138359378925,0.0
RGS16,-0.046197023203733985,0.046197023203733985,0.0010841054274656626
AL357515.1,-0.04600636978385912,0.04600636978385912,9.246668155071124e-19
SNRPA1,-0.045811606732063796,0.045811606732063796,0.0006397778463649527
ZFP36,-0.0457943935314947,0.0457943935314947,0.0004621153307023775
DUSP1,-0.045667977538305364,0.045667977538305364,0.0005694622347182355
ZSCAN5A,0.04559022836338604,0.04559022836338604,0.0
AC104024.4,-0.04549913822569985,0.04549913822569985,0.006994325863026995
PFDN1,-0.04545128601740286,0.04545128601740286,0.006283955263560431
TSPAN4,0.04532256600450068,0.04532256600450068,0.0033333333333333335
TRPT1,-0.04514730626940799,0.04514730626940799,0.0
FP671120.9,-0.04511975290634233,0.04511975290634233,0.0010569258771103989
LINC02352,-0.04505762874469896,0.04505762874469896,0.0
BASP1,-0.04488521139885353,0.04488521139885353,0.008507757691083792
RNU6-689P,0.04477203139879165,0.04477203139879165,1.4447753363878903e-17
YAP1,0.04475864296486779,0.04475864296486779,0.02111879407576081
H2AW,-0.04465448646567662,0.04465448646567662,0.0024465958118489025
EGR3,-0.04462139482784949,0.04462139482784949,0.0
ST6GALNAC4P1,-0.044513961401941714,0.044513961401941714,4.421826470128631e-19
GALE,0.04447520278610573,0.04447520278610573,0.0005652212808454061
RFX3,0.04443871710757804,0.04443871710757804,0.0
CD27-AS1,-0.04443571243158659,0.04443571243158659,0.0
CACNB2,-0.04436690656222472,0.04436690656222472,0.0
TMEM64,0.04431034097697889,0.04431034097697889,0.0009339224353562168
AL603839.2,-0.044196063982152596,0.044196063982152596,0.00012987344355990993
ADAMTS3,0.04409482333995058,0.04409482333995058,6.529103147299298e-18
THAP7-AS1,-0.04384416913470403,0.04384416913470403,0.004858680171485168
ULK2,-0.0437166267431249,0.0437166267431249,0.00012987344355991001
AL159169.1,-0.04370748058271412,0.04370748058271412,0.0
FKBP9P1,0.043577710526555714,0.043577710526555714,0.0008179431773962927
AP000254.1,-0.0435616570582388,0.0435616570582388,5.79385205682518e-18
ZNF562,0.04354325842129421,0.04354325842129421,0.0
RPL10P3,-0.04348023085474407,0.04348023085474407,0.00026996061582527724
AC092814.2,-0.043453873083696436,0.043453873083696436,0.0
RPS3AP18,-0.043387488170476315,0.043387488170476315,0.0
HNRNPCP4,0.04325155870715061,0.04325155870715061,0.0
DDX25,-0.04313373996251827,0.04313373996251827,6.1757348342718e-05
ASXL2,0.043083961089879365,0.043083961089879365,0.012032787739850287
TMEM138,0.04303099754493563,0.04303099754493563,0.0009873336628482725
GIPR,0.043024195129156895,0.043024195129156895,0.0
HOXC13-AS,-0.04293091958754268,0.04293091958754268,0.0012560847400769131
AC091825.3,-0.042860468470203535,0.042860468470203535,0.0006923826258576137
SEC24B,0.042827948753465475,0.042827948753465475,0.002688281021097065
AC025211.1,-0.04265588025872275,0.04265588025872275,0.0021700285530072755
AP3S1,-0.04249750949471703,0.04249750949471703,1.0982904342542917e-17
WDR35,0.0424823416948397,0.0424823416948397,0.002709584636844528
LINC02245,-0.04236196223879548,0.04236196223879548,0.010392506175360255
RPL3P9,-0.04229507655370047,0.04229507655370047,0.0
DOCK9-DT,-0.04222056037973998,0.04222056037973998,0.0
GOLPH3L,0.041858454829601696,0.041858454829601696,0.00588638352558537
AL138955.1,-0.04170791360250717,0.04170791360250717,0.002690972222222221
TWIST1,-0.04167792614273073,0.04167792614273073,0.0007771478961955113
LPL,0.04125121147935314,0.04125121147935314,0.0011156783041523543
MYOZ1,0.04123976624463782,0.04123976624463782,0.000496794871794871
SULT1A1,0.04112269073790903,0.04112269073790903,1.3493479837751876e-18
FRMPD1,-0.041068225391902,0.041068225391902,0.000129873443559911
RNA5SP246,-0.04106404289776151,0.04106404289776151,0.0002749140893470783
TAS2R14,0.04101098623812235,0.04101098623812235,0.0
ZBTB33,0.04095637957811301,0.04095637957811301,0.0
AC005682.1,-0.040889211049857786,0.040889211049857786,9.315542377069483e-05
RPUSD3,-0.04068636162078046,0.04068636162078046,2.0294399374868434e-18
PLPP4,-0.040682542336135365,0.040682542336135365,1.1147969517569889e-17
ZNF426,0.040604852385427895,0.040604852385427895,0.0033666170809369188
RAB5C,-0.04056223302880632,0.04056223302880632,0.0
BX470102.1,0.04056167715981026,0.04056167715981026,0.002417557932263799
PISD,0.040369809541122174,0.040369809541122174,0.0
AC087491.1,-0.04034551193377494,0.04034551193377494,0.0007799007275447046
AL031985.2,-0.040314258592489285,0.040314258592489285,0.0025039401103230884
HGD,0.0402575680485203,0.0402575680485203,0.0013505156652697647
ARPC3P2,-0.04018247282529261,0.04018247282529261,8.23939953229673e-18
ZMIZ1-AS1,0.04016324860949233,0.04016324860949233,0.0011965416087694918
TSPAN13,-0.04002767342455897,0.04002767342455897,0.007546636449692031
TRIM54,0.039833160255950795,0.039833160255950795,0.0
SREBF1,0.03972949216005331,0.03972949216005331,0.004110594534881057
RN7SL832P,-0.03969947894928475,0.03969947894928475,0.0003809680692938002
MIR6781,0.039682431712512144,0.039682431712512144,0.0002415071267530281
ATP5MC3,-0.03948007147604149,0.03948007147604149,0.0015873959361507929
ATF3,-0.039326342110225905,0.039326342110225905,0.0
MSC-AS1,-0.039260741184238564,0.039260741184238564,0.001504072451018644
AC012213.4,-0.03925350479469017,0.03925350479469017,0.0028981994459833784
AC068057.2,0.03894974876283307,0.03894974876283307,0.0
MTATP8P1,-0.03894886241536648,0.03894886241536648,0.0
TMEM81,0.038929705394815425,0.038929705394815425,9.923742818274972e-18
F3,0.03886694189863346,0.03886694189863346,0.003624809065608905
AP001086.1,0.03872454657033873,0.03872454657033873,0.0
AC083837.1,0.038659705560392034,0.038659705560392034,0.0028843042071197422
AC127070.1,-0.03837800958978233,0.03837800958978233,0.0025466766243465266
AC006504.7,-0.0383740617976805,0.0383740617976805,0.0009997960016319923
MTCO2P12,-0.03819101627084127,0.03819101627084127,0.00012987344355990993
CLU,0.038150560457642715,0.038150560457642715,0.0
WFDC2,-0.038006653225045976,0.038006653225045976,0.005424062448206034
B3GAT1-DT,-0.0376954360005353,0.0376954360005353,0.0
CNPY3,0.03767237649086047,0.03767237649086047,0.0004351338873499519
LEMD3,0.037571133534715986,0.037571133534715986,0.0029476528875988393
AC016735.1,0.037538864083332193,0.037538864083332193,0.0
AL512785.1,0.03751043713267611,0.03751043713267611,0.0033272666145982626
CKS1BP7,0.0374937327415393,0.0374937327415393,0.0007426099707243935
AC105942.1,0.03742837871063073,0.03742837871063073,0.0
KDM5A,0.03738768007913705,0.03738768007913705,0.011401581464652505
EBLN3P,0.037367825718092086,0.037367825718092086,7.919935286039333e-05
SNTG1,-0.03728793268575353,0.03728793268575353,0.0
AC090772.4,-0.03718093024293725,0.03718093024293725,0.0010584603670717846
DUS4L-BCAP29,-0.037162788363233015,0.037162788363233015,0.0
BX679664.1,0.03701185730645376,0.03701185730645376,0.00017479139218269587
RASAL2-AS1,-0.03699326191019896,0.03699326191019896,0.00035392829900838976
HSPA8P1,-0.03697876573778736,0.03697876573778736,0.0
AC016582.3,0.03675459966770009,0.03675459966770009,0.0
RBM43,0.036690487900931865,0.036690487900931865,0.002116288460775716
RPL10P8,-0.036688837428116836,0.036688837428116836,0.00023152995927865
LINC01431,-0.036659451371884234,0.036659451371884234,1.1406180574811314e-18
PRKD3,0.03644223648206535,0.03644223648206535,0.004140826135913023
TMEM220-AS1,0.036307864483364864,0.036307864483364864,0.0
AL357075.3,-0.03624299033881016,0.03624299033881016,0.00015632542423229815
HOXC10,-0.03611243410087538,0.03611243410087538,0.0024451044354642406
AC006249.1,0.03608937293113263,0.03608937293113263,0.0
AC097359.1,-0.03603319958997938,0.03603319958997938,0.0
ARPC1A,-0.03590289653266037,0.03590289653266037,0.0025291953287474014
AC008429.1,-0.03588334114843593,0.03588334114843593,0.0
GCC2,0.03582783517367994,0.03582783517367994,0.005230360833677624
SCRN2,0.035498209776042546,0.035498209776042546,0.0
ARSA,0.03547311192018276,0.03547311192018276,0.00012107329842931935
AC243960.2,-0.03546340758882866,0.03546340758882866,0.0
COL22A1,0.03538041233265325,0.03538041233265325,0.0
LITAF,0.03533392329744599,0.03533392329744599,0.0
AC026367.2,0.035329429366278434,0.035329429366278434,0.0
PTTG1,-0.03524783489312694,0.03524783489312694,7.092198581560182e-05
AC004069.1,-0.0351223356005536,0.0351223356005536,5.702491837697196e-05
PLCD4,0.03488723948873911,0.03488723948873911,0.0
HOXB-AS1,0.03475161743849658,0.03475161743849658,0.0
LINC01160,0.0347454494921324,0.0347454494921324,0.0
SNORD91B,0.03473215126191632,0.03473215126191632,1.290619449606548e-17
FECH,-0.034700420918244934,0.034700420918244934,0.0
HNRNPA3P12,0.03470005443344585,0.03470005443344585,0.000434827514976254
Z68871.1,-0.03469402361733611,0.03469402361733611,0.0
GFAP,0.03456446829954631,0.03456446829954631,0.00012073283414746899
KLHL29,0.03451481226092587,0.03451481226092587,0.0
RLIM,0.03442344921092671,0.03442344921092671,0.003041253423645252
LINC01141,0.034320095144030366,0.034320095144030366,9.948234987680614e-19
SPDYE12P,-0.03417181792801909,0.03417181792801909,0.0009009740259740238
AAMDC,0.03416597048695934,0.03416597048695934,0.0
SCARNA20,0.034156982782043654,0.034156982782043654,1.4612754663003192e-18
DCAF10,0.03410599765044978,0.03410599765044978,3.5612194197149614e-18
B4GALT7,0.034057370675052545,0.034057370675052545,0.0
VPS33B,-0.033935585281906426,0.033935585281906426,0.0
GDI2P2,-0.03377197690204105,0.03377197690204105,0.0002749140893470784
RAB1C,-0.033677965863291436,0.033677965863291436,0.0
AC008525.1,-0.03362638327403611,0.03362638327403611,0.0021700285530072715
AC099789.1,0.03354287431502953,0.03354287431502953,1.408841522560679e-17
SH2D5,-0.03334648399516742,0.03334648399516742,4.9261910518776715e-18
AC069236.1,0.03327819553588582,0.03327819553588582,0.0008382423949782734
TRAPPC4,-0.03327320573784203,0.03327320573784203,0.0
ADGRG6,-0.0332586495513453,0.0332586495513453,0.0
NUAK2,0.033167622392335984,0.033167622392335984,0.0033333333333333335
AC092718.5,0.03311439663531855,0.03311439663531855,0.0012583031010889036
SLC40A1,-0.03305417921407719,0.03305417921407719,1.9638611724480524e-18
MIR221,0.03295779297391043,0.03295779297391043,0.0
HTRA1,0.03293266307570373,0.03293266307570373,7.092198581560145e-05
PTPN4,0.03278874485432991,0.03278874485432991,0.0008433451196231956
EEF1AKMT3,0.03266968818319946,0.03266968818319946,0.0009457334488623574
AC084117.1,-0.032640860226270246,0.032640860226270246,0.0
SCARB1,-0.032621307033097686,0.032621307033097686,3.9478785161637835e-19
TCFL5,-0.032617865445205486,0.032617865445205486,1.5960029915620523e-18
DSTNP3,-0.03260923596299529,0.03260923596299529,7.045080499101805e-18
AL138831.1,0.03258354836633865,0.03258354836633865,0.0
MAP7D3,0.032540977332110414,0.032540977332110414,0.008181182864765733
RRM2P3,0.032533772823378874,0.032533772823378874,0.0027065015385785954
SHISA6,0.03249132611645827,0.03249132611645827,3.2289952287549974e-19
MRPL45P2,-0.032349445586622325,0.032349445586622325,0.0022023809523809505
MSRA,-0.032328986355253525,0.032328986355253525,0.0
AC091965.4,-0.03231105836803994,0.03231105836803994,0.0001563254242322986
PRDX2P1,-0.03220241820847915,0.03220241820847915,1.0426247678838642e-17
ACTA1,-0.03219530569115463,0.03219530569115463,9.315542377069526e-05
RPL10P5,-0.03209542880350072,0.03209542880350072,0.0
ARPC3P4,-0.031917166290419435,0.031917166290419435,0.0010367326171934874
MIR659,-0.03189906126620246,0.03189906126620246,0.0009318462064627335
AC002542.6,-0.03185062347903639,0.03185062347903639,0.0
GPR27,-0.03184515061106411,0.03184515061106411,0.0008061669917340024
HAGH,-0.0317583140881915,0.0317583140881915,0.0
COA3,-0.03171885710146665,0.03171885710146665,5.527029922629289e-19
TRAPPC1,-0.03153951137024077,0.03153951137024077,0.0006772591857000972
AL035587.2,-0.031487264998112385,0.031487264998112385,0.0
PSAT1P4,-0.03141214156832163,0.03141214156832163,0.0
FAM217B,-0.031346051372410026,0.031346051372410026,0.0
RN7SL368P,0.03133966226263653,0.03133966226263653,0.003175781676930543
ROM1,0.03133673809003916,0.03133673809003916,0.0
AC131281.1,0.031215528367623244,0.031215528367623244,0.0
MOCS3,-0.030995896681901954,0.030995896681901954,0.00015632542423229704
NAGK,0.030933041854800888,0.030933041854800888,0.0
HOXD4,-0.03084828767555114,0.03084828767555114,0.0007248993606440922
SLC35E3,0.030835955032485804,0.030835955032485804,0.0004351338873499593
AC006450.3,-0.030699163178594942,0.030699163178594942,0.013028952489825066
RN7SL752P,-0.030664764062284494,0.030664764062284494,0.0
AL158825.2,-0.030643479928582244,0.030643479928582244,0.002158063211806717
COX17,-0.030536231581128156,0.030536231581128156,0.0005505083279255898
HAUS7,0.030299226537275854,0.030299226537275854,0.0007702599388379212
AC131009.1,-0.030244847195579485,0.030244847195579485,0.0001403508771929815
MTCO2P2,-0.030177412846837875,0.030177412846837875,0.0012355889724310753
SPP1,-0.030135812070225074,0.030135812070225074,0.0007365642446769129
AC091271.1,-0.02999858655715933,0.02999858655715933,0.005065091543068397
ATP5IF1,-0.02996017877140311,0.02996017877140311,0.0020579710144927534
HSPB1,0.029664346697902397,0.029664346697902397,0.00048809520947350416
CXorf56,-0.029645913468967906,0.029645913468967906,5.881311858887089e-18
SERGEF,0.029642501781657372,0.029642501781657372,0.0
TMUB2,0.029509054071848215,0.029509054071848215,0.0
NDN,-0.02939296813970162,0.02939296813970162,0.0033531989180395263
NBPF2P,0.029328661366297276,0.029328661366297276,0.0015330281203567316
NTN4,-0.029321505787765642,0.029321505787765642,0.006693502698563796
RNASEK,0.02922334138373264,0.02922334138373264,0.0
TMEM233,-0.029187192699286182,0.029187192699286182,0.0
PLK5,0.029068310491357278,0.029068310491357278,1.0587329164015359e-17
FERMT1,-0.02903071005384295,0.02903071005384295,0.0
GSTM1,0.028944523865633464,0.028944523865633464,0.000193110251157145
SIL1,0.028901074376911754,0.028901074376911754,0.0025641536698390514
RCAN3,0.028892256904431472,0.028892256904431472,0.0029572860281901468
RPL12P8,-0.028881430998055773,0.028881430998055773,0.001666086620188019
EIF4BP7,0.028820025340123845,0.028820025340123845,1.8503717077085865e-18
FAM174A,-0.02876265271349557,0.02876265271349557,0.00016474266474266556
AC073050.1,0.02871331515521675,0.02871331515521675,0.0
AC012291.3,0.028610695241367567,0.028610695241367567,0.00018249018249018268
HOXB2,0.028610138291400865,0.028610138291400865,0.0
Z96811.1,-0.02852854642015364,0.02852854642015364,0.0
PCAT6,-0.02847563951107812,0.02847563951107812,0.002145901067682294
SLC47A1,0.028443394864435173,0.028443394864435173,0.0
CLVS2,-0.028442788202815008,0.028442788202815008,0.0
CUTALP,-0.028250942024266385,0.028250942024266385,0.00014035087719298147
RPL7P38,-0.028213993770942795,0.028213993770942795,5.968940992608361e-18
KCNH1-IT1,-0.02818973311194553,0.02818973311194553,0.0029284326467804525
AC116345.4,0.028141817448565865,0.028141817448565865,0.0006215538847117825
ALKAL2,-0.028078661128555667,0.028078661128555667,0.00289279555332574
SHISA5,0.028017635639473466,0.028017635639473466,0.00284716028270477
AL731533.2,-0.02792187038370179,0.02792187038370179,1.7480032764727243e-18
CRIM1-DT,-0.027868199058994722,0.027868199058994722,0.0019705129336982457
ZNF521,0.02773518300234947,0.02773518300234947,0.0028981994459833806
CCS,0.027613710291130057,0.027613710291130057,0.002956965394853593
ATP6V1G2,-0.02760284406495927,0.02760284406495927,0.0
CYB5R1,0.027585438813249628,0.027585438813249628,9.315542377069365e-05
RN7SL4P,-0.02758244860100164,0.02758244860100164,0.0
TPMT,0.027520335252601797,0.027520335252601797,0.0
OLFM1,-0.027340372227748343,0.027340372227748343,0.0
TMEM42,0.02728776174961495,0.02728776174961495,0.0
AC091685.2,0.027262041032029623,0.027262041032029623,0.0
AC108673.3,-0.027206565196938388,0.027206565196938388,0.007192977210899298
VMP1,-0.027185602688910095,0.027185602688910095,0.0
AC016065.1,-0.02714296311261566,0.02714296311261566,0.0008964131600616359
PSMD9,0.02695312749458522,0.02695312749458522,0.00012987344355991
RPL39L,-0.026941354140779198,0.026941354140779198,1.8405832794744317e-17
AC026412.1,0.026919417072039924,0.026919417072039924,0.0
RNA5SP490,0.026827000467493436,0.026827000467493436,0.0
DKK3,-0.026781775298103216,0.026781775298103216,0.0
AC104463.2,-0.026707738106479095,0.026707738106479095,1.803375341241785e-17
RBFOX1,-0.02665570677404399,0.02665570677404399,0.0
ATP11B,0.026644006259647263,0.026644006259647263,5.9041685209909564e-05
NPIPB15,-0.026590509812305665,0.026590509812305665,6.21142922043308e-19
TCTA,0.026529810013672918,0.026529810013672918,0.0
AC084036.1,-0.02636802474298124,0.02636802474298124,0.00014035087719298234
MUC20P1,0.026315852964543848,0.026315852964543848,1.834889767009016e-18
AC011503.2,-0.026286282727594697,0.026286282727594697,0.0
SEPTIN4,-0.026184845989578213,0.026184845989578213,0.0
BLACAT1,0.0261773806355282,0.0261773806355282,0.0
EYA1,-0.02611341617643449,0.02611341617643449,9.24348690796809e-18
AL451081.2,0.02610013084474948,0.02610013084474948,0.0010554979253112023
NFATC1,0.026098532024366267,0.026098532024366267,0.0
FADS3,0.026075967199113138,0.026075967199113138,6.861614861104369e-19
RGMB-AS1,0.02604208890502081,0.02604208890502081,0.0001563254242322983
CADM3,-0.026035575820536172,0.026035575820536172,0.00031632982822482375
TIMP2,-0.026016049360706672,0.026016049360706672,0.0
SOX21,0.026013275038347456,0.026013275038347456,0.0017419865453106404
LOXL1,0.025918924481250823,0.025918924481250823,5.941098818573461e-18
GCKR,0.025808800923519646,0.025808800923519646,0.0
SUPT3H,-0.025791233848440426,0.025791233848440426,0.0
NSMCE1,-0.025219713191338967,0.025219713191338967,1.9423562299525776e-18
RPL13AP7,0.02521022652988158,0.02521022652988158,0.0005173133083020432
KRT10,-0.025160131449450167,0.025160131449450167,0.00287907867868715
UNC119B,0.025095804246131843,0.025095804246131843,0.0030584192439862493
EPHA5-AS1,0.025091418479372338,0.025091418479372338,0.0
MIR5010,-0.025070356472828056,0.025070356472828056,0.0
TBL1XR1,0.02500532943650132,0.02500532943650132,0.0
EIF2AK3,0.024985410752656388,0.024985410752656388,0.003157598456563333
GPR89A,0.024975067182482116,0.024975067182482116,0.0
ADCY2,0.024953356862499027,0.024953356862499027,0.0006634768740031886
HMGA1P8,-0.024645386214591804,0.024645386214591804,0.0010389512798010228
BEST1,-0.02464312421714957,0.02464312421714957,0.001890763654543182
RWDD2B,-0.024629238157473487,0.024629238157473487,6.0206718145443e-18
TNFSF9,-0.02457245683880838,0.02457245683880838,0.0011170233895541296
MRPL36,-0.024539631518888706,0.024539631518888706,0.0025984405458089658
MIR7111,0.024436637505501985,0.024436637505501985,0.00038568044573449386
AC016876.3,-0.02440261745624103,0.02440261745624103,0.0
CRNKL1,0.024359201700519664,0.024359201700519664,0.005597304559317096
FAM21EP,-0.02425408205024054,0.02425408205024054,0.0
AL080316.1,0.024246757203633895,0.024246757203633895,0.0
LGI2,0.024217031384879694,0.024217031384879694,0.0030973639455782317
SCRT2,-0.02420277261779471,0.02420277261779471,0.000829393223010244
AC016769.5,-0.024189128453409384,0.024189128453409384,0.005921496629679529
MIR6746,0.024155383727770537,0.024155383727770537,6.63243590715515e-19
ZNF189,0.024131694665707446,0.024131694665707446,0.0
SNORD91A,-0.024126079368720754,0.024126079368720754,0.0
KANSL1-AS1,-0.024111861354338588,0.024111861354338588,7.35128650658884e-18
BTG2,-0.02408640612724457,0.02408640612724457,0.0
LUZP2,0.024043177319344182,0.024043177319344182,0.0
TFAP2A-AS1,-0.02391563162557526,0.02391563162557526,5.55015394587583e-05
ONECUT2,-0.023751021853221616,0.023751021853221616,0.0
MED10,-0.023535808884844064,0.023535808884844064,0.0009798728813559313
AC026271.1,-0.02346530179822434,0.02346530179822434,0.000644420633705801
ENO2,-0.02342840356108162,0.02342840356108162,0.0
HOXD10,-0.023412432814381157,0.023412432814381157,0.0012064949754027926
RNA5SP301,0.023359910606391778,0.023359910606391778,0.0
LINC01943,-0.02334450558550779,0.02334450558550779,0.000579770019968328
AC136475.2,0.023343567661793147,0.023343567661793147,0.0
SHLD2,-0.023319915767505195,0.023319915767505195,9.315542377069417e-05
FAM166C,0.023284986183570614,0.023284986183570614,0.0005230850492509063
ELN-AS1,0.02327525465562773,0.02327525465562773,0.0005319938283506266
LINC01831,0.02324267744805098,0.02324267744805098,0.0003046750615139675
HS6ST1,0.023236454335233952,0.023236454335233952,0.00042063488436568146
MIR6730,0.023204167893823884,0.023204167893823884,0.0
RN7SL1,-0.023202480606182293,0.023202480606182293,0.0
LINC01529,0.023175462183773043,0.023175462183773043,7.092198581560327e-05
ITGA4,-0.023108206591687257,0.023108206591687257,1.1389865190313396e-17
AC009955.4,0.02295394739028234,0.02295394739028234,0.0003003219625019146
USP6NL,0.022734357569382954,0.022734357569382954,3.879811645195429e-18
RSPH4A,0.022605804254636964,0.022605804254636964,0.0
TMEM80,-0.022597488546162125,0.022597488546162125,0.0
RPL41P1,0.02257091567850964,0.02257091567850964,0.0007441563661797697
GRK4,-0.022541964460577178,0.022541964460577178,5.13224207101291e-18
TFAP2A,-0.022539303394654955,0.022539303394654955,0.002377172344563645
MED11,-0.022532902251124184,0.022532902251124184,2.3168804292585534e-19
AL158151.2,0.022521940974497168,0.022521940974497168,0.0
SEMA4B,0.022510104963780395,0.022510104963780395,0.0
AP003465.1,-0.02245824473889538,0.02245824473889538,0.0004490291262135919
ELAVL4,-0.022414012695852487,0.022414012695852487,0.003736791468505302
FAM241B,-0.022316622400102553,0.022316622400102553,0.00012107329842933575
AC087627.1,0.022304535876850027,0.022304535876850027,0.002173307525257287
AC012368.1,-0.02224939751478309,0.02224939751478309,9.044744752682427e-19
TMEM159,0.022240044785785125,0.022240044785785125,0.0
TMEM99,-0.022113014228608827,0.022113014228608827,0.0
AC068338.2,-0.022109348320324525,0.022109348320324525,0.0
RN7SL5P,-0.02205417189050544,0.02205417189050544,0.005965409890126477
RPS3AP51,-0.021973598074973955,0.021973598074973955,0.0
AL031710.2,0.021968131092232796,0.021968131092232796,0.0
THOC6,0.021940365786555924,0.021940365786555924,1.1054566175321574e-19
NR4A1,-0.021926714954634507,0.021926714954634507,0.0005135309390628537
ENTPD3-AS1,-0.021846524777495168,0.021846524777495168,0.0039022029198843506
ZSWIM7,-0.02183268887750288,0.02183268887750288,0.003028658271819368
KLHL35,-0.021777538851157494,0.021777538851157494,0.005020294488384725
JUN,0.021726636331171986,0.021726636331171986,0.0
AL021154.1,0.021700788285717584,0.021700788285717584,0.0
SEC11C,-0.021692520785780135,0.021692520785780135,0.002068684895833336
AC253536.1,0.02162118440813776,0.02162118440813776,0.00018308747647665876
LY6G5C,-0.021567104854825193,0.021567104854825193,0.0
LINC02094,0.021525914945133465,0.021525914945133465,7.606245941142205e-18
IER2,-0.021508327873603617,0.021508327873603617,0.0
ETFB,0.02141030477847011,0.02141030477847011,4.100190979082901e-18
NT5C,0.021397669959626164,0.021397669959626164,0.0
STMN2,-0.02139341101013582,0.02139341101013582,0.005194641180836352
MIR6784,0.02134078946982736,0.02134078946982736,0.0005897865683316548
ZNF300P1,-0.02121942484349877,0.02121942484349877,0.0008222560694175204
CFL1P5,0.02116969735915955,0.02116969735915955,6.678149223106933e-19
ZFYVE28,0.021136029526753315,0.021136029526753315,1.8503717077085892e-18
ZNF436-AS1,0.021122666412512994,0.021122666412512994,0.0009573897128086191
ME3,-0.02100977276244216,0.02100977276244216,0.0
AL078621.2,-0.021006041460732414,0.021006041460732414,0.0
ANAPC15,-0.020942560543374195,0.020942560543374195,0.004368358824716668
PFDN2,-0.02093521447937647,0.02093521447937647,0.0
EYA2,0.020734157751990924,0.020734157751990924,0.003028658271819366
TMPRSS9,-0.0206947712732292,0.0206947712732292,0.0009365005433938828
STX17,0.020693378708683947,0.020693378708683947,0.014644893151169604
TM9SF2,-0.020670301921973076,0.020670301921973076,4.223851244109823e-18
EEF1A1P33,0.02064817058327734,0.02064817058327734,0.0
TBC1D30,0.020593497362518236,0.020593497362518236,0.00027169601776931606
NEK5,0.020583878351429056,0.020583878351429056,0.0018487033441988824
AL353151.1,0.02051150711870567,0.02051150711870567,0.00034514925373134274
BHLHE22,-0.020430878963919194,0.020430878963919194,0.004827384136908601
MT1P1,-0.02041880126195626,0.02041880126195626,4.2296296869856375e-18
AC006557.6,-0.02041098488396761,0.02041098488396761,0.0
GJA3,-0.02032957178019726,0.02032957178019726,0.0
HOXB5,-0.020320397935637686,0.020320397935637686,0.0
MSC,-0.0202833265478347,0.0202833265478347,0.00014035087719298247
AC092447.2,0.020195500729003123,0.020195500729003123,0.0005137114631238295
PIGY-DT,0.02000183062816907,0.02000183062816907,0.0
CYB5D2,0.019990751646512886,0.019990751646512886,0.0
RPS3AP21,-0.01998560391382754,0.01998560391382754,0.003337055066090425
LINC02328,0.019913538779974982,0.019913538779974982,0.0006423611111111089
ZNF280C,0.01987103212427691,0.01987103212427691,0.0012768656339232128
AC011468.5,-0.019832391852292058,0.019832391852292058,3.4084875545822917e-18
EIF4BP6,0.019811315641876916,0.019811315641876916,3.9478785161637787e-19
NAXD,-0.019807693602714758,0.019807693602714758,0.0
AC010999.2,0.019729004828512507,0.019729004828512507,0.0002442475308328954
CCDC171,0.019695380240996336,0.019695380240996336,0.0
SEPTIN7P7,0.019575881173034694,0.019575881173034694,0.0005212878126817893
CRYBB2P1,0.019565489976061428,0.019565489976061428,7.09219858156033e-05
CDKN1A,-0.019560755196867553,0.019560755196867553,0.0
EFHB,0.019532442665856874,0.019532442665856874,8.43601581254226e-18
AFDN-DT,-0.019514521689447353,0.019514521689447353,0.00244369592023573
HOXC-AS2,-0.019514513327749696,0.019514513327749696,4.417121489119313e-18
AC091982.1,0.01946200324105736,0.01946200324105736,0.0
ZFHX2-AS1,-0.01944959472463834,0.01944959472463834,0.0
RPL10P4,-0.019419236248236507,0.019419236248236507,0.0008713100115558338
NR4A1AS,-0.01941047419746247,0.01941047419746247,0.0025417170688723754
CHMP3,0.019376437899905546,0.019376437899905546,3.9478785161637754e-19
PCSK2,-0.019361952176827794,0.019361952176827794,0.00226013715959784
XKR4,-0.01933179866394782,0.01933179866394782,0.0013989728454319172
ROBO3,0.019320927461367106,0.019320927461367106,0.0
MRAP2,-0.019292708936653837,0.019292708936653837,0.0
GPD1L,0.019280187328099507,0.019280187328099507,0.0006892494076990803
AL161935.2,0.019277712346812623,0.019277712346812623,0.0
GPR89B,-0.019128228889669568,0.019128228889669568,0.0001403508771929818
TBC1D15,0.019127626834624108,0.019127626834624108,0.0025234025234025202
AC006122.1,0.019080226481379935,0.019080226481379935,0.0005927302919232529
AC105345.1,0.019005255028439832,0.019005255028439832,0.0007367047246434602
LIN7A,0.0189651022529046,0.0189651022529046,9.148396894671073e-18
RPS11P7,-0.018911309278524684,0.018911309278524684,0.0
AL136304.1,0.018852150589564857,0.018852150589564857,7.092198581560492e-05
XK,-0.01882476865702336,0.01882476865702336,0.0
UBA6-AS1,0.01879040428111636,0.01879040428111636,0.002272055496908458
SPAG7,-0.018782493246817356,0.018782493246817356,0.0
NAA80,0.018743884858916853,0.018743884858916853,6.167899595963478e-05
C16orf74,-0.01873067463300942,0.01873067463300942,0.0
LYPLA1P3,0.018588576215972152,0.018588576215972152,2.0474765200514656e-18
HOXA2,-0.018450538251109816,0.018450538251109816,0.0020686848958333354
L3MBTL3,0.018438822061797002,0.018438822061797002,1.2007678378561132e-17
CCT6P2,-0.018374825162100226,0.018374825162100226,7.150922494661144e-19
ABCC4,0.018315038289289362,0.018315038289289362,0.0005458660195270617
MPDU1,-0.018269490065907834,0.018269490065907834,0.0008393010394161408
DCAF12,0.018242762617675205,0.018242762617675205,0.0
SLC43A1,-0.01822089883574136,0.01822089883574136,0.0
SNHG18,0.018153320293639027,0.018153320293639027,0.0
WNT5A,0.018016959919494185,0.018016959919494185,0.0
ATE1,0.017930763359191807,0.017930763359191807,0.0
EEF1A1P24,-0.0178778113783037,0.0178778113783037,0.0
LDAH,0.017837632947780135,0.017837632947780135,0.0
PPARG,0.017823336800670924,0.017823336800670924,2.1520254756382327e-18
NIT1,0.017762758552852226,0.017762758552852226,0.0
LINC01770,0.01767387126965257,0.01767387126965257,0.0012401169461953151
SUMO2P19,0.01765040394852412,0.01765040394852412,0.0
MTND5P11,-0.017638026026243134,0.017638026026243134,0.0002552529963392004
CYP27B1,-0.01762530771131517,0.01762530771131517,0.005060463867586466
AC009878.1,0.01752993196060723,0.01752993196060723,7.919935286039433e-05
HSPB9,0.01752354321399606,0.01752354321399606,0.0
TCP11L2,0.017517437661662586,0.017517437661662586,0.0
AL096701.4,0.017464259277382533,0.017464259277382533,0.0
MTATP8P2,-0.017368588749499973,0.017368588749499973,0.0005897865683316561
PTMAP12,0.017349510930252103,0.017349510930252103,0.0
PIK3C3,0.017296828683669087,0.017296828683669087,0.0
AL020997.2,0.01709539840620323,0.01709539840620323,0.0
PF4,0.01707443154003516,0.01707443154003516,0.0
STARD7-AS1,0.017062894671927495,0.017062894671927495,0.0
CERCAM,-0.017043644056899728,0.017043644056899728,0.002600867269984917
SMAD4,0.016989691814902678,0.016989691814902678,0.0031599466118413778
C5orf67,-0.01696020069938388,0.01696020069938388,0.001033717529033665
PNPLA3,-0.01693745862446054,0.01693745862446054,0.0
ZBTB8OS,-0.01687959269893153,0.01687959269893153,9.944763688663647e-19
GAPDHP44,0.016878926454458505,0.016878926454458505,0.0
CERKL,-0.016834358554734925,0.016834358554734925,0.0
RPL7AP53,0.016754867421367604,0.016754867421367604,4.979450568266698e-19
NDUFB1P1,-0.016662505540194092,0.016662505540194092,0.005182543325338608
PYM1,0.016652650228963613,0.016652650228963613,0.0
AC005479.2,0.016577304341337574,0.016577304341337574,0.0
DHRS1,0.016547671685992377,0.016547671685992377,0.0
AC083805.2,0.016541315463694806,0.016541315463694806,0.0
RPS3AP20,-0.016442746320804186,0.016442746320804186,0.0
MAPK11,-0.016377640569871708,0.016377640569871708,0.0
SLC18B1,-0.016342494473920877,0.016342494473920877,0.0
AC016876.1,-0.016284840179614665,0.016284840179614665,0.0
LINC00951,0.016269833076893257,0.016269833076893257,8.696000908606314e-19
AC113361.1,0.01624669000978986,0.01624669000978986,9.669684408025543e-19
HOTAIR,-0.01608215719016965,0.01608215719016965,0.0
ADA2,0.01606152388948077,0.01606152388948077,0.0
TSPAN31,-0.016036824709509623,0.016036824709509623,0.0
AP006545.2,-0.016003713211288552,0.016003713211288552,0.0002977267360978167
PARTICL,-0.01579900406275889,0.01579900406275889,0.0009997960016319884
AL008729.1,-0.015661959432489905,0.015661959432489905,0.0014525468462645318
SCARA3,0.015548436597524874,0.015548436597524874,0.0
CREB5,0.015540069565763981,0.015540069565763981,0.0
RPS3AP13,-0.015367210377276029,0.015367210377276029,5.895498584137907e-19
LBX2,0.015360199519424054,0.015360199519424054,0.0
B3GAT3,-0.015313160740497163,0.015313160740497163,0.0
VEGFB,0.015295490637701461,0.015295490637701461,4.338854623005929e-18
CFL1,-0.015222441170656898,0.015222441170656898,0.0007501938701498494
AL353807.5,0.015168516032031159,0.015168516032031159,0.0
GADD45B,-0.015072360502531888,0.015072360502531888,0.0
UBE2QL1,-0.01505819064562264,0.01505819064562264,0.0005079642035714189
MIR5690,0.015026128879941392,0.015026128879941392,7.919935286039891e-05
AC097372.2,-0.015023244649997838,0.015023244649997838,0.0
COPRS,-0.014970676535105204,0.014970676535105204,0.0
GGTLC4P,0.01496966009664229,0.01496966009664229,1.3704688519028764e-17
LOXL1-AS1,0.014895198158324099,0.014895198158324099,7.46083021519566e-18
NUS1P1,-0.014887128011302245,0.014887128011302245,0.0
NOA1,-0.014863970604629956,0.014863970604629956,0.0
MRPS6,-0.014855785403485137,0.014855785403485137,0.0
AL445307.1,0.014812302511125487,0.014812302511125487,0.0
MRPL28,-0.014755216723566637,0.014755216723566637,0.0
PPP1R3D,0.01472657997581375,0.01472657997581375,5.473447927296371e-18
FCRLB,-0.014703323604011396,0.014703323604011396,0.0
CYP39A1,0.014662124517339828,0.014662124517339828,0.0005086391881658733
EEF1A1P6,-0.014659826384999585,0.014659826384999585,0.00012107329842932113
PSMB6,-0.014657821873444027,0.014657821873444027,0.0018461351482741846
C8orf58,-0.014581394584503794,0.014581394584503794,0.0033333333333333453
AL445985.1,-0.014566002808256866,0.014566002808256866,0.00263023446765806
SNORA38B,0.014289485228279483,0.014289485228279483,0.0006506818759479875
PTPRN,-0.014286151048332793,0.014286151048332793,0.003489285184469709
LYPLAL1-DT,0.01426735555699265,0.01426735555699265,0.0001403508771929822
NDUFAF3,0.014265981607955794,0.014265981607955794,1.801525873919079e-18
CTDNEP1,-0.01424480176929357,0.01424480176929357,0.0
RHBDL2,-0.01424006054618732,0.01424006054618732,6.551342446006239e-05
AL354919.2,0.01418819357697058,0.01418819357697058,0.0
ADAMTS16,0.014129831393754375,0.014129831393754375,0.0
RAD51D,0.014033862802757653,0.014033862802757653,0.0027118017846702955
MPI,-0.014024645381438348,0.014024645381438348,0.0
RNF215,0.014011923519320573,0.014011923519320573,2.21091323506431e-19
AC015849.6,-0.013994885998693413,0.013994885998693413,0.0
AC087742.1,-0.013887649069049678,0.013887649069049678,0.00040404040404040464
RPS5P8,-0.01381600094141128,0.01381600094141128,0.0
TNFSF12,-0.01379674889095154,0.01379674889095154,0.0
RNA5SP474,-0.013729244269738282,0.013729244269738282,0.0
SNORD99,-0.013685029916552962,0.013685029916552962,0.0
NDUFS6,-0.01349865106107004,0.01349865106107004,0.0
ORMDL2,-0.013475513750874045,0.013475513750874045,0.002047593544614332
RRAD,0.013461840602170275,0.013461840602170275,6.551342446006159e-05
AC016546.1,-0.013402325914721732,0.013402325914721732,0.0
LINC01563,0.01332173004269961,0.01332173004269961,0.0
ITGA2B,0.013275931791970551,0.013275931791970551,6.632435907155138e-19
SLC44A3,0.013275507906270172,0.013275507906270172,0.0
CRYAB,0.013270048539768273,0.013270048539768273,0.0
AC097382.3,-0.01324385786241493,0.01324385786241493,0.0025157232704402497
HSD3B7,0.013243414231834331,0.013243414231834331,4.555048094984258e-19
PAPPA-AS2,0.01321848919773441,0.01321848919773441,0.0
TMEM150A,0.01321182971237563,0.01321182971237563,0.0
NSA2P7,0.013201472366087668,0.013201472366087668,0.0
AC067852.2,0.013157652724962816,0.013157652724962816,0.00011730032419687546
TCF7L2,-0.013114264991137797,0.013114264991137797,0.0
AC010359.2,0.012997303349115849,0.012997303349115849,0.00034013605442176874
CLEC18B,0.012934887151843587,0.012934887151843587,0.0
FAHD2A,0.012915903944489075,0.012915903944489075,3.9478785161637797e-19
RPS12P23,-0.012893087197868643,0.012893087197868643,0.0
FAM169A,0.012874944978692822,0.012874944978692822,6.55134244600616e-05
CATSPER1,0.012844578113219663,0.012844578113219663,0.0
TAS2R31,0.012801551485825461,0.012801551485825461,2.03803441765098e-19
SMURF2P1,-0.012792439361262104,0.012792439361262104,0.0
RPL13AP3,0.012715462094632445,0.012715462094632445,0.0
CACNA1A,0.012711775997219999,0.012711775997219999,0.0
EEF1A1P10,-0.012692114429967215,0.012692114429967215,0.0
AC025162.2,-0.012678868811207273,0.012678868811207273,5.5471464123594046e-18
EDN1,-0.012658895752077525,0.012658895752077525,0.0
SNORA3B,-0.012656066191528925,0.012656066191528925,0.0
NEUROD2,-0.012654757798714939,0.012654757798714939,0.0029572860281901476
AL589880.1,-0.012606116673122968,0.012606116673122968,0.000690982776089158
AC026471.6,-0.012585617908895877,0.012585617908895877,0.0
RUFY2,-0.012582196624240117,0.012582196624240117,0.0027815960290187105
DLG5-AS1,0.012548144331226153,0.012548144331226153,0.000371809451056304
EEF1A1P4,0.01252573535572759,0.01252573535572759,0.0
G6PC3,-0.01239161312820558,0.01239161312820558,0.0
AC005696.3,-0.012317933448046043,0.012317933448046043,0.0
HOXD-AS2,-0.012286211190482043,0.012286211190482043,0.00198680837145252
IRX1,0.012248603250695263,0.012248603250695263,8.982477636354802e-18
FAM53C,0.012117027642484067,0.012117027642484067,0.0
UNC5B-AS1,0.012116845194865819,0.012116845194865819,0.0005882352941176467
PARK7,0.012051652251430052,0.012051652251430052,0.0
B3GNT5,0.012010332474831215,0.012010332474831215,0.0
DNAI3,0.011980216739416495,0.011980216739416495,0.00020833333333333364
AL353705.3,-0.01197547880405808,0.01197547880405808,0.0
AC007318.1,0.011955751333239492,0.011955751333239492,3.2881879938323307e-18
LMO1,-0.011872398899234072,0.011872398899234072,0.0
LNCOG,0.011788540394994997,0.011788540394994997,0.0
SPRYD4,0.011751037909755875,0.011751037909755875,0.0
AC092835.1,0.011689955314110054,0.011689955314110054,1.9743458420993878e-18
TADA2B,0.011685183370425737,0.011685183370425737,0.0
BX293535.1,-0.011575607752617442,0.011575607752617442,0.0
EEF1A1P12,-0.011552089426415382,0.011552089426415382,1.3493479837751874e-18
SLC17A9,0.01152411070790265,0.01152411070790265,0.0
SCG5,-0.011479287267840126,0.011479287267840126,0.0008677406254230469
NUS1,0.011455693102787151,0.011455693102787151,7.919935286039439e-05
TAS2R19,0.011430172115361863,0.011430172115361863,1.5992201321005036e-18
CCN1,-0.011426737066161357,0.011426737066161357,0.0
NME4,0.011366317089553712,0.011366317089553712,0.0
CRTAC1,-0.011364605762797977,0.011364605762797977,0.0
RAB30-DT,-0.011311880183062445,0.011311880183062445,3.828080823259497e-18
CD83,-0.011272599164341025,0.011272599164341025,1.728415390609612e-18
CD81,-0.011214028610981142,0.011214028610981142,0.00286666666666666
WNT16,-0.011141543107975644,0.011141543107975644,0.0
HNRNPA1P50,0.011097866741702557,0.011097866741702557,0.0
CYP21A2,0.011075357027068869,0.011075357027068869,0.0
PDE6B,-0.011045068039056933,0.011045068039056933,0.0
SRRM4,0.010974780890331007,0.010974780890331007,9.315542377069535e-05
AC016394.2,-0.010928092839557658,0.010928092839557658,0.0
FABP4,-0.010925365556345568,0.010925365556345568,0.0
RND3,0.010890117854069094,0.010890117854069094,0.000845626120343835
KIAA1671,0.010862116940973018,0.010862116940973018,0.0028663946550892896
TRIL,-0.010841538543717435,0.010841538543717435,0.0
AL109766.1,-0.010755137237526748,0.010755137237526748,0.0
TENT5B,-0.010729441899363175,0.010729441899363175,0.0001298734435599101
CBLN4,-0.01070814310752405,0.01070814310752405,0.0
AC040977.1,-0.01070627988961187,0.01070627988961187,0.0
RNF112,-0.010662344922708147,0.010662344922708147,0.0
AL353691.1,0.010649453554156496,0.010649453554156496,0.0
ALG10,-0.010573290524310715,0.010573290524310715,7.217973644997795e-19
ZNF350-AS1,-0.010549887338565244,0.010549887338565244,0.0
AC037198.1,-0.010532891493712056,0.010532891493712056,0.0
RNU4-62P,-0.010390732160086884,0.010390732160086884,6.151217167726843e-18
MIR4280HG,-0.010390112482100995,0.010390112482100995,0.0
AL158151.4,0.010315347904500687,0.010315347904500687,0.0
AL137024.1,-0.010292404049758256,0.010292404049758256,0.0
AC100854.1,0.010165194454791835,0.010165194454791835,0.0
AC005730.2,-0.010161594794428111,0.010161594794428111,0.0
RNU6-353P,0.010153328502213984,0.010153328502213984,0.0025291953287474044
RNF138,-0.010147325984333698,0.010147325984333698,0.0
PCDHB12,-0.010135048779711053,0.010135048779711053,0.0
HOTAIRM1,-0.010116914091083767,0.010116914091083767,0.00266985645933015
NRXN3,0.010068584789121395,0.010068584789121395,1.0488019658836332e-17
CXCL2,-0.010063775803553818,0.010063775803553818,0.0
RSPRY1,-0.010031237908847959,0.010031237908847959,0.0
CCNH,-0.009964893483135149,0.009964893483135149,6.551342446006067e-05
LANCL3,0.009961469002016138,0.009961469002016138,0.000542695973546002
C6orf226,0.009917747861123326,0.009917747861123326,0.0
AP002784.1,-0.009896966096024779,0.009896966096024779,9.315542377069432e-05
LNX2,-0.00985003588372025,0.00985003588372025,0.0
AC091390.2,0.00974242445319224,0.00974242445319224,0.0
HPCAL1,-0.009683408422675331,0.009683408422675331,0.0
PTGDS,-0.009654406572768014,0.009654406572768014,0.00020833333333333397
IFNAR2,0.009613297965721704,0.009613297965721704,0.00023145857386332476
NHLH1,-0.009535217572751406,0.009535217572751406,0.002743546765001678
NCMAP,0.009510305212573681,0.009510305212573681,0.001092857266743369
ZDHHC20,0.009504702596619554,0.009504702596619554,0.00015632542423229702
RPS5P3,-0.009493067344051748,0.009493067344051748,0.0007190252201679932
VWA8,0.00947261950835692,0.00947261950835692,0.0028967467097958653
AL583805.1,0.009458498729878397,0.009458498729878397,7.700995025530145e-18
RNF182,-0.00943340182883328,0.00943340182883328,0.0008260603924870919
EIF4BP3,-0.009372580009668336,0.009372580009668336,0.0
PCDH10,0.00918026352254287,0.00918026352254287,0.0
SASH1,-0.009174011581700689,0.009174011581700689,0.0020277029626779536
ATP2B1,0.009095845857277792,0.009095845857277792,0.0
TBX5,-0.009071494498649975,0.009071494498649975,0.0008254673032470761
ABCA8,0.008979984565802665,0.008979984565802665,0.0008683665008291956
SH3BP1,0.008948570421844517,0.008948570421844517,0.0
DTHD1,0.008935499796659738,0.008935499796659738,0.007086233336509816
ARHGAP6,-0.008913415785048612,0.008913415785048612,0.00020833333333333145
AC022795.1,0.008903740927653388,0.008903740927653388,6.551342446006191e-05
IL20RA,-0.00889836555024485,0.00889836555024485,1.7169123091046307e-18
LINC02391,-0.008895683300084072,0.008895683300084072,0.0022778354080221306
LINC01353,0.008880005509157594,0.008880005509157594,0.0
EEF1A1P7,-0.00883658309701221,0.00883658309701221,0.0
HEXA,-0.008811876464280614,0.008811876464280614,0.00019311025115714518
NCOA4,-0.008780053033875496,0.008780053033875496,0.0
AC006511.3,-0.00873158051195692,0.00873158051195692,0.0005137114631238284
AC046143.2,0.008557732818685581,0.008557732818685581,0.00012258039489506964
PDE4A,-0.00853024217194048,0.00853024217194048,0.0
EEF1A1P38,0.008529734729477005,0.008529734729477005,0.0009767135941813093
MIR124-1HG,-0.00847244334756038,0.00847244334756038,0.002671466061422797
MTMR14,-0.00839074280431185,0.00839074280431185,0.0
IDS,0.008367189454395038,0.008367189454395038,0.002353460451977402
PLPP5,-0.0083569550150339,0.0083569550150339,0.0
ACRV1,-0.00832649186173189,0.00832649186173189,0.0
AC148477.1,-0.008277533871531781,0.008277533871531781,0.0
EXO5,-0.008201479267404659,0.008201479267404659,0.0
ASH1L-AS1,0.008163702603568117,0.008163702603568117,7.092198581560277e-05
EEF1A1P14,0.008147515320082501,0.008147515320082501,0.00012107329842931935
BTF3L4P1,-0.008131413325276306,0.008131413325276306,0.0
LINC01503,0.008120709827922876,0.008120709827922876,0.0
POM121L9P,0.008084640879348244,0.008084640879348244,0.0
LRRFIP1P1,0.008080851661083651,0.008080851661083651,0.0058353421011057656
C1QL2,0.007982410156224133,0.007982410156224133,0.0
RCAN1,0.007939006402146643,0.007939006402146643,0.0
AL117328.1,0.007866244747864607,0.007866244747864607,0.0
RDM1,-0.007864506568607002,0.007864506568607002,6.053413724784461e-19
AC089999.2,0.007863549608114086,0.007863549608114086,5.391202537313173e-19
PPIAP4,-0.007848328577768569,0.007848328577768569,0.00020177974775546285
RIMBP2,-0.00781168762858111,0.00781168762858111,2.3630374174070673e-18
AC091965.1,0.007783475508240676,0.007783475508240676,0.0006942509557441845
XPO4,0.007733544425495072,0.007733544425495072,1.3931215679344833e-17
MIR760,0.007710620886508719,0.007710620886508719,3.742588833323261e-18
PINX1,-0.007632101689317557,0.007632101689317557,0.0
VAMP7,-0.007555290457267685,0.007555290457267685,0.0
PRPH,0.007548308890244453,0.007548308890244453,0.0
AC068888.1,-0.0075473249796683285,0.0075473249796683285,0.0
ITGAX,0.007540448089964504,0.007540448089964504,0.0
MIR222HG,0.007522019427904987,0.007522019427904987,1.1102230246251552e-18
RPS23P1,0.007500901774029537,0.007500901774029537,5.391202537313165e-19
MIR22HG,-0.007444886805298792,0.007444886805298792,4.5960845643084244e-18
AL023284.4,-0.007395022729883699,0.007395022729883699,0.0024074074074074054
RPL7P44,-0.007394174847763165,0.007394174847763165,7.441279770785078e-19
ABRAXAS1,0.007363301453805472,0.007363301453805472,0.00046666666666666596
LRP6,0.007336638106711236,0.007336638106711236,1.6951792419007764e-18
RPSAP70,-0.007245884453732504,0.007245884453732504,0.0
AC023509.3,-0.007204970237417798,0.007204970237417798,2.1587660965675124e-17
LAMTOR2,0.007201941708191732,0.007201941708191732,0.0
AL513175.2,0.007188653863470696,0.007188653863470696,0.0
KIF1C-AS1,0.007178544970071161,0.007178544970071161,0.00027525868905146114
AGAP2-AS1,0.00717348161435348,0.00717348161435348,0.0007348927875243658
NTNG1,-0.0071641928098924055,0.0071641928098924055,0.00012107329842931998
HOXD11,-0.007114396543108597,0.007114396543108597,0.0003207064796134225
EEF1A1P25,-0.006967401556755854,0.006967401556755854,1.3493479837751883e-18
COMMD4,-0.006861378340645028,0.006861378340645028,1.2367496045374313e-18
AC079174.2,-0.006762077798953809,0.006762077798953809,0.0
CASC2,0.006697674583392532,0.006697674583392532,0.0
GNPTG,0.006588838109585954,0.006588838109585954,0.0
RPL35AP8,-0.006588370839276004,0.006588370839276004,0.0
HBP1,0.006555893691848032,0.006555893691848032,0.002055537124050472
VPS13B-DT,-0.006552108234157973,0.006552108234157973,0.0
RNF167,0.006533330189717648,0.006533330189717648,8.916430006675733e-19
PSIP1P1,0.006386166403749179,0.006386166403749179,0.0
PPBP,0.006192203379567074,0.006192203379567074,6.175734834271894e-05
LMNTD1,0.006190036704036729,0.006190036704036729,6.164445436714083e-19
ATP1A3,0.006105072693299154,0.006105072693299154,0.002598440545808966
CHPF,-0.006101556504934582,0.006101556504934582,0.0
TAS2R15P,0.006067434525857099,0.006067434525857099,1.2932705483984803e-18
ANKRD1,-0.006062348053641029,0.006062348053641029,0.0015081521739130418
AC009549.1,0.006015189391264857,0.006015189391264857,0.0
KCNG1,0.006010867240675344,0.006010867240675344,0.0
RAB26,0.005957119994183423,0.005957119994183423,9.908442047729856e-18
BHLHE40,0.005951887038165984,0.005951887038165984,1.9824119175450756e-19
AL355385.1,-0.005874564080749543,0.005874564080749543,0.0
TRAPPC8,0.005856582228107654,0.005856582228107654,0.0
VWC2L,-0.00585464707596594,0.00585464707596594,0.0020427899015832236
AC090204.1,0.005830244775312587,0.005830244775312587,0.0
AC131159.2,0.005810296318497531,0.005810296318497531,1.6581849262982363e-18
LMO7,0.005742411786461275,0.005742411786461275,0.0
LINC00672,-0.005720326992433703,0.005720326992433703,0.00018249018249018252
RPSAP46,0.005642532901194574,0.005642532901194574,0.0
ARL2,-0.005538577763112615,0.005538577763112615,0.0070620716495109
GDI2,-0.005473703961300045,0.005473703961300045,0.00043513388734995836
RPL23AP3,-0.005467823765433136,0.005467823765433136,0.0006472491909385118
VKORC1,-0.005402137857797372,0.005402137857797372,0.0
MYLK-AS1,0.005396315752655753,0.005396315752655753,0.007178608308284663
AL162377.1,-0.005389475658411441,0.005389475658411441,6.20963611628033e-19
AC004980.3,0.005363776167162782,0.005363776167162782,0.0
TVP23A,0.0053501854708435555,0.0053501854708435555,0.0
METTL1,0.005338687372478531,0.005338687372478531,0.0
AC068338.3,0.005336477772716827,0.005336477772716827,0.0
PJVK,0.005327399438980267,0.005327399438980267,0.0
PLK3,0.005327169354168909,0.005327169354168909,0.0001133765791579885
AL133338.2,0.0052963178831973694,0.0052963178831973694,0.0
MXRA5,0.005258677178731496,0.005258677178731496,1.0642881974428079e-17
MIR1-1HG-AS1,-0.005248641341900039,0.005248641341900039,0.0
ING2,-0.005240468686866113,0.005240468686866113,0.0
AC130650.2,-0.005199683430326904,0.005199683430326904,0.0
AC012618.3,-0.0051782257805140135,0.0051782257805140135,0.0
LINC02356,-0.005002763710545445,0.005002763710545445,0.0
AC025165.5,-0.0049996045538594856,0.0049996045538594856,7.162729191130033e-19
HCAR1,-0.004902811845084534,0.004902811845084534,0.0
MICAL1,0.00484629502836402,0.00484629502836402,0.0
ITGA6-AS1,-0.004831790098170183,0.004831790098170183,0.0004355100342259266
EEF1A1P13,-0.00477949528960182,0.00477949528960182,0.00023145857386332365
AC127002.1,0.004768362539366695,0.004768362539366695,6.551342446006198e-05
CORO7,-0.004722903348052206,0.004722903348052206,7.919935286039459e-05
TSFM,0.004575055151008858,0.004575055151008858,1.110223024625155e-18
CTSD,0.004457262656659069,0.004457262656659069,0.0002749140893470797
PCDHGB2,-0.004407289919534219,0.004407289919534219,0.0
AC009097.2,-0.0044072598276865185,0.0044072598276865185,0.0
AC139769.1,-0.004388603478532923,0.004388603478532923,0.0
CRNDE,-0.0042933886134152435,0.0042933886134152435,0.0
TSHZ2,0.004263780927321624,0.004263780927321624,0.0014035391975413493
VAPB,-0.004196847004181725,0.004196847004181725,0.0
MTND4LP30,-0.0041703653207508995,0.0041703653207508995,6.832572142476375e-18
GPNMB,-0.004135201193242691,0.004135201193242691,0.0008800859225783486
ACOT7,0.004031075808550243,0.004031075808550243,0.0033333333333333335
C1QL4,-0.0040258345644734695,0.0040258345644734695,0.0
TMEM143,0.003974666308797617,0.003974666308797617,0.0
MTATP6P2,-0.003965463072589803,0.003965463072589803,0.00018308747647665998
BCAT1,-0.0039360922343028345,0.0039360922343028345,1.4471086580044635e-18
AC093734.1,0.003935914391182904,0.003935914391182904,0.000274914089347079
ZBBX,-0.003893003680214323,0.003893003680214323,0.0004950701081698288
MNX1-AS2,0.003867578172952444,0.003867578172952444,0.0009344246268818831
TSGA10,-0.0038638255475148546,0.0038638255475148546,0.0
RPS26P28,-0.0038135624385387226,0.0038135624385387226,0.0
HTR7P1,-0.0036844255474179086,0.0036844255474179086,2.8515451437028348e-19
KAT7P1,0.003683967744744999,0.003683967744744999,0.0
HCG27,-0.003619015671700884,0.003619015671700884,1.620184855070566e-18
SLC35A1,-0.0035851852264083585,0.0035851852264083585,0.002333537331701345
AC107464.2,0.0035528312930881625,0.0035528312930881625,0.0
OS9,-0.0035479777755418372,0.0035479777755418372,0.0
VSTM2L,0.0035477972031309726,0.0035477972031309726,0.0
TREML1,-0.0034977792352439154,0.0034977792352439154,0.0
AL592293.1,0.0034418714674150632,0.0034418714674150632,0.0
GCFC2,0.0034240733702337782,0.0034240733702337782,0.0
C1orf162,-0.0033632158254407337,0.0033632158254407337,0.0
PRR13,0.0033524997659492703,0.0033524997659492703,0.00038568044573449484
RASL11A,0.003345500417768313,0.003345500417768313,0.0005882352941176461
APOC2,0.003211994410114766,0.003211994410114766,0.0
EPHB2,-0.0031980533423506116,0.0031980533423506116,0.0
HARBI1,-0.0031706733152901687,0.0031706733152901687,0.0
AC021188.1,-0.003161539614773676,0.003161539614773676,0.0
NELL1,-0.003146247876426939,0.003146247876426939,0.0
DUSP14,0.0031002327181257807,0.0031002327181257807,0.0
RPS3AP43,-0.0030698604455635043,0.0030698604455635043,0.0
SMAP1,0.003046341639757922,0.003046341639757922,0.0
IGFBP6,0.0030294642083106864,0.0030294642083106864,0.0
PLAUR,0.0030266810725212176,0.0030266810725212176,0.0
AC139768.1,0.002994603198240654,0.002994603198240654,0.0
RPLP1P6,-0.0029922568087135224,0.0029922568087135224,1.801559554463861e-17
TRNAU1AP,-0.002976366353212453,0.002976366353212453,0.00012107329842932125
WBP2,-0.002939369082914126,0.002939369082914126,0.0
AC004687.1,-0.0029225306771287775,0.0029225306771287775,0.00015632542423229723
ATP1B3,-0.0028940854973926334,0.0028940854973926334,5.625056461001604e-18
CTF1,-0.0028095385407047443,0.0028095385407047443,0.0
AL603839.3,-0.0027703126934321733,0.0027703126934321733,0.0
MDFIC,-0.0027498835583426055,0.0027498835583426055,0.001038399885838738
AC012442.2,-0.0027322653134500634,0.0027322653134500634,0.0
ATP1B3P1,0.0027170109358751766,0.0027170109358751766,4.491238818177398e-18
SORCS3,-0.002704577627521538,0.002704577627521538,0.001270308507067067
AC087442.1,-0.0026860088056134455,0.0026860088056134455,3.545550949609364e-18
AC010654.1,0.0026388523191534243,0.0026388523191534243,0.0
NINJ1,0.002638251729660722,0.002638251729660722,7.353735302893495e-18
RENBP,0.0026235316107468877,0.0026235316107468877,0.0
AC004522.5,0.0025447840334855074,0.0025447840334855074,0.002462023321777497
IQCN,0.0025152225639932307,0.0025152225639932307,4.894531613938854e-18
PTRH2,0.0024879990627469186,0.0024879990627469186,0.0
NUP133,0.002446872297063328,0.002446872297063328,0.0022550019758412762
AC104619.3,0.0024438938753885853,0.0024438938753885853,8.360015670086928e-19
INHA,0.0024194412217015413,0.0024194412217015413,0.0
CFAP69,-0.0024152222355681863,0.0024152222355681863,9.94476368866363e-19
AL359711.2,-0.0024131638550475695,0.0024131638550475695,0.0
LPCAT4,-0.0023586698500618285,0.0023586698500618285,0.0033333333333333335
MEA1,-0.0023443062438250786,0.0023443062438250786,0.0
NPR3,0.002297075796706789,0.002297075796706789,1.1102230246251548e-18
TMEM53,-0.0022921714759720734,0.0022921714759720734,0.0
YBEY,0.0021785155475583552,0.0021785155475583552,0.0
SLC9A3R2,-0.002146673755213948,0.002146673755213948,0.0
GPR1,0.0021180086329294543,0.0021180086329294543,0.00012987344355991156
SMIM29,-0.00206814244407941,0.00206814244407941,0.0
RHOU,-0.002049675284381625,0.002049675284381625,0.0
ERMP1,-0.002004060849643408,0.002004060849643408,0.0
EEF1A1P9,0.0019628741912639815,0.0019628741912639815,0.0
RPL15P5,-0.001948969558918163,0.001948969558918163,0.0003760473051431858
EEF1A1P8,0.0018379179203152063,0.0018379179203152063,0.0
DISC1,0.0017444584120431422,0.0017444584120431422,8.915534113358366e-18
DCST1-AS1,0.0017317081987109745,0.0017317081987109745,0.0
PPCDC,-0.0016979461327702105,0.0016979461327702105,0.0
RABIF,0.0016718767704899428,0.0016718767704899428,0.0
PPM1J,-0.0016412182657455964,0.0016412182657455964,1.8151244032204045e-19
ASB16-AS1,0.0016384363972615655,0.0016384363972615655,0.0
CACNG5,-0.001602427671775869,0.001602427671775869,0.00019311025115715128
SLC17A6,-0.001566670636688868,0.001566670636688868,9.315542377069433e-05
PODN,-0.0013894606356003162,0.0013894606356003162,0.0
NAGLU,-0.0013628663307761009,0.0013628663307761009,0.002564153669839055
AC006512.1,-0.0012911310499762138,0.0012911310499762138,0.0
RPL12P10,-0.0012568313838660472,0.0012568313838660472,1.5371610540273069e-18
AC083829.1,0.0012547513314717762,0.0012547513314717762,0.0
RPGRIP1L,-0.0012547365814363427,0.0012547365814363427,3.5982325830204845e-18
LINC02182,-0.0012477310190959687,0.0012477310190959687,0.00023596938775510511
AC093270.1,-0.0012372783867154132,0.0012372783867154132,0.0
EEF1A1P29,0.0012332003420676436,0.0012332003420676436,4.651583015665245e-18
TBX5-AS1,0.0011840407826769711,0.0011840407826769711,0.0009907607736838763
AP001363.2,-0.0011753171341200837,0.0011753171341200837,6.706129639456859e-18
ZNF396,0.0011339687287344152,0.0011339687287344152,0.0
AC010624.2,0.001088015232301055,0.001088015232301055,0.0
DNAJA1P3,-0.001042016693918614,0.001042016693918614,0.0
AL021408.1,-0.00103894609209997,0.00103894609209997,0.0
CERS5,-0.001017217000170159,0.001017217000170159,0.0
RCCD1,-0.0010118701783028783,0.0010118701783028783,0.0005478867447543167
ARL2BP,0.000999433902056769,0.000999433902056769,0.0
EEF1A1P22,0.0009514969968502571,0.0009514969968502571,0.0
AP001160.3,0.0009497500019612185,0.0009497500019612185,0.0
SIK1B,0.000878277760065196,0.000878277760065196,0.0
CRELD2,0.0007722064728769187,0.0007722064728769187,0.0
AP003119.2,0.0007473092351093598,0.0007473092351093598,0.0
AC073508.3,0.0007327578242499038,0.0007327578242499038,0.0
MIR3193,0.00069703361317482,0.00069703361317482,0.0
MPV17,0.0006844131079131344,0.0006844131079131344,0.0
EEF1A1P28,-0.0005751251355371838,0.0005751251355371838,0.0
AC005899.7,0.0004602894287419086,0.0004602894287419086,0.0
CYP51A1P2,-0.00044340983973765677,0.00044340983973765677,6.446456272017037e-19
MT-TL1,0.00038870745252191086,0.00038870745252191086,0.0
AC087623.2,0.00033179911976339096,0.00033179911976339096,0.0
TALDO1,0.00032730471388895093,0.00032730471388895093,0.000999796001631989
AC092809.3,0.000198846699828385,0.000198846699828385,1.2560890201320236e-18
SHOX2,5.8855575952072566e-05,5.8855575952072566e-05,0.0
AC127024.6,-4.8924187684676226e-05,4.8924187684676226e-05,0.0
HNRNPA1P35,-3.662796265113102e-05,3.662796265113102e-05,0.0
AC132872.1,1.7042097868888792e-05,1.7042097868888792e-05,0.0020730210014653777
