Feature,Coefficient_full_dataset,Abs_Coefficient_full_dataset,Coefficient_filtered_dataset,Abs_Coefficient_filtered_dataset
MIR1302-8,-0.19808530224946222,0.19808530224946222,-0.0399687722723423,0.0399687722723423
RNU6-1337P,-0.1667477404240225,0.1667477404240225,-0.05781302721496254,0.05781302721496254
FAM90A1,0.1616505558443945,0.1616505558443945,0.05945576468374205,0.05945576468374205
LGI2,0.15895478642694352,0.15895478642694352,0.05141359241327965,0.05141359241327965
MIR4263,0.15838856397655782,0.15838856397655782,0.06362136994330762,0.06362136994330762
NRSN2-AS1,-0.15599401473649505,0.15599401473649505,-0.0738622800588918,0.0738622800588918
SEPTIN7P3,-0.15582784544382738,0.15582784544382738,-0.05687673960637125,0.05687673960637125
AC133041.1,-0.15228162305979484,0.15228162305979484,-0.0934900865289863,0.0934900865289863
AC073508.3,0.14768403118151768,0.14768403118151768,0.1010422503537969,0.1010422503537969
AL390755.3,-0.14605331423688064,0.14605331423688064,-0.058350580309168475,0.058350580309168475
EN1,-0.14387613274893665,0.14387613274893665,-0.030400897122195944,0.030400897122195944
LRRC61,0.143553787161322,0.143553787161322,0.039161790432540235,0.039161790432540235
PCDHB3,0.14255552498638283,0.14255552498638283,0.06354719396688945,0.06354719396688945
AC021188.1,-0.14135965208465429,0.14135965208465429,-0.0638746693247514,0.0638746693247514
FCN3,0.14041587728658758,0.14041587728658758,0.013569251091604038,0.013569251091604038
PCDHB12,0.13550531766403903,0.13550531766403903,0.06990816489123941,0.06990816489123941
ZNF268,0.13479132078694236,0.13479132078694236,0.052549694531771794,0.052549694531771794
AC012442.2,-0.1333294927255538,0.1333294927255538,-0.04563003699870169,0.04563003699870169
RNU7-154P,-0.13245762393945934,0.13245762393945934,-0.05907368561094337,0.05907368561094337
LTBP2,0.12742869077141572,0.12742869077141572,0.032018395994063295,0.032018395994063295
ETS2,0.1256469291093284,0.1256469291093284,0.05557854506053566,0.05557854506053566
LINC01686,0.1241090485174604,0.1241090485174604,0.021524912637933963,0.021524912637933963
AC002070.1,0.1239438780921185,0.1239438780921185,0.0687850238286602,0.0687850238286602
CCN3,0.12312508321203669,0.12312508321203669,0.02955668104875315,0.02955668104875315
PF4,-0.12240038360153221,0.12240038360153221,-0.031325764776882016,0.031325764776882016
SAYSD1,0.12232420960369447,0.12232420960369447,0.04906791546611777,0.04906791546611777
AC008525.1,0.122026304044072,0.122026304044072,0.051198763782028915,0.051198763782028915
STOML1,0.12200272348806875,0.12200272348806875,0.08515275144859664,0.08515275144859664
ELDR,-0.12053928038700493,0.12053928038700493,-0.0667773257736803,0.0667773257736803
MIR6895,-0.12052066047980935,0.12052066047980935,-0.025999097728321777,0.025999097728321777
CTSL,-0.11914695621340413,0.11914695621340413,-0.03448954345618564,0.03448954345618564
KIAA0040,-0.11885237850883391,0.11885237850883391,-0.012850554505319996,0.012850554505319996
AP003392.4,0.11865019769709349,0.11865019769709349,0.09895808569778175,0.09895808569778175
AC244517.1,0.1166272485941975,0.1166272485941975,0.06797338937218161,0.06797338937218161
TMEM220-AS1,-0.1161140689654042,0.1161140689654042,-0.027257450778148094,0.027257450778148094
RPS26P38,0.11324840739224953,0.11324840739224953,0.07386279697673537,0.07386279697673537
AC016876.3,-0.11249651723015053,0.11249651723015053,0.050489866079346656,0.050489866079346656
AC130343.3,0.11233381298186013,0.11233381298186013,0.050064845212557454,0.050064845212557454
AC092375.2,-0.11196954118226526,0.11196954118226526,-0.00714938620204965,0.00714938620204965
MIR1268B,-0.11080047653421472,0.11080047653421472,-0.052712934361969874,0.052712934361969874
KDM8,0.10865932046789639,0.10865932046789639,0.036940931834032874,0.036940931834032874
TBX5-AS1,-0.10855464187721568,0.10855464187721568,-0.0019534503367137452,0.0019534503367137452
MTCO2P2,0.10845665724387245,0.10845665724387245,0.046525338723940275,0.046525338723940275
CD40,-0.10670178267211033,0.10670178267211033,-0.010441395895086091,0.010441395895086091
WASHC3,-0.1066635202625576,0.1066635202625576,-0.0037952978201564744,0.0037952978201564744
AC005520.4,0.10566966266124979,0.10566966266124979,0.03206125022553352,0.03206125022553352
OGFOD3,0.10504371996835116,0.10504371996835116,0.06041991146623767,0.06041991146623767
KIFAP3,0.10439466800287138,0.10439466800287138,-0.002866893166990862,0.002866893166990862
CD79B,-0.1042208274887296,0.1042208274887296,0.029010702511461837,0.029010702511461837
TPD52,-0.10393098779869131,0.10393098779869131,-0.03845033359645164,0.03845033359645164
MSRA,-0.1037908350971975,0.1037908350971975,-0.08926442074534302,0.08926442074534302
NELL1,0.10293452409669974,0.10293452409669974,0.0512889196434046,0.0512889196434046
NSG1,0.10264764127261995,0.10264764127261995,0.0054818849072529536,0.0054818849072529536
PPIF,0.10242395520872515,0.10242395520872515,0.017624354511249968,0.017624354511249968
SPP1,-0.10231708131437114,0.10231708131437114,-0.039908706738508985,0.039908706738508985
ACKR1,0.10228408267071802,0.10228408267071802,0.06327385161398794,0.06327385161398794
LINC01141,-0.10148870305884121,0.10148870305884121,-0.0649796934420467,0.0649796934420467
HOXB2,0.10085198057249156,0.10085198057249156,0.07967224849254863,0.07967224849254863
NDUFS6,0.10068850398622134,0.10068850398622134,0.011828790479644039,0.011828790479644039
HOXD11,0.099574490034077,0.099574490034077,0.039957642850063396,0.039957642850063396
AC004980.3,0.09872177916362751,0.09872177916362751,0.05343502338456731,0.05343502338456731
AP000695.2,-0.09861978070194018,0.09861978070194018,-0.02802500261969566,0.02802500261969566
AC000067.1,-0.09839613168485593,0.09839613168485593,-0.031406449511225266,0.031406449511225266
SRD5A1,0.09828904624906609,0.09828904624906609,0.059476957961276646,0.059476957961276646
AC018413.1,-0.0982577844325542,0.0982577844325542,-0.04076271724154741,0.04076271724154741
NRXN3,0.09803672189935397,0.09803672189935397,0.059568657587615044,0.059568657587615044
AC005479.2,-0.09802255290507714,0.09802255290507714,-0.0353531024520558,0.0353531024520558
PNPO,-0.09722655097498645,0.09722655097498645,-0.01914183651287052,0.01914183651287052
BNC2-AS1,-0.09709343784157233,0.09709343784157233,-0.025325600963479904,0.025325600963479904
AC128687.2,-0.09654719183994748,0.09654719183994748,-0.025436850176362172,0.025436850176362172
MRPS18C,-0.09606408181599405,0.09606408181599405,-0.011035104744366633,0.011035104744366633
CBLN4,0.0959224381385946,0.0959224381385946,-0.008577250965995643,0.008577250965995643
HOXB5,0.09585300650544527,0.09585300650544527,0.05505339192395098,0.05505339192395098
UBE2QL1,0.09574314611448001,0.09574314611448001,0.03634954479973504,0.03634954479973504
ITGA6-AS1,-0.09556880685179174,0.09556880685179174,-0.0029229917669668366,0.0029229917669668366
RPL39L,0.09515647377756437,0.09515647377756437,0.031750243787918665,0.031750243787918665
MIR1-1HG-AS1,-0.09466267036544408,0.09466267036544408,-0.08093237258143954,0.08093237258143954
RNF175,0.09441303265983665,0.09441303265983665,0.028638294170575573,0.028638294170575573
PYM1,0.09423078365078091,0.09423078365078091,0.04968887791666778,0.04968887791666778
METTL1,-0.09377021040334238,0.09377021040334238,-0.012444176438072276,0.012444176438072276
RARA,-0.09376560039924271,0.09376560039924271,-0.03275204864365815,0.03275204864365815
TVP23B,-0.09350275328186419,0.09350275328186419,-0.043528954884879824,0.043528954884879824
DUSP1,0.09301734934380898,0.09301734934380898,0.04904902407763079,0.04904902407763079
TDP1,0.0925407553910032,0.0925407553910032,0.047765539335503135,0.047765539335503135
RPL23AP32,0.09222163915929694,0.09222163915929694,0.021976460554429495,0.021976460554429495
HOXC-AS2,0.09204552346588793,0.09204552346588793,0.11553717385690686,0.11553717385690686
PCDHGB2,0.09148757082497601,0.09148757082497601,0.051831459680868996,0.051831459680868996
SEC11C,-0.09132458703888595,0.09132458703888595,-0.016641226115969583,0.016641226115969583
STEAP3-AS1,0.09129360117103519,0.09129360117103519,0.07637110768353511,0.07637110768353511
COL22A1,-0.08992915029922292,0.08992915029922292,-0.06823256989711307,0.06823256989711307
B4GALT7,0.08968801287333766,0.08968801287333766,0.026465461773433934,0.026465461773433934
AREG,0.08965293162150631,0.08965293162150631,0.023586808150797545,0.023586808150797545
HSPA1L,0.08895273978588009,0.08895273978588009,0.03707350898688128,0.03707350898688128
HOXC6,0.08849789348856453,0.08849789348856453,0.10546438249963191,0.10546438249963191
AC068792.1,0.08804057746111012,0.08804057746111012,0.036904930859010275,0.036904930859010275
CAMLG,-0.08674609247061191,0.08674609247061191,-0.025157253012030444,0.025157253012030444
ADI1,0.08664053160160512,0.08664053160160512,0.056222513469754584,0.056222513469754584
TLNRD1,0.08613844913033042,0.08613844913033042,0.058656078037509565,0.058656078037509565
ANAPC15,0.08590369097098348,0.08590369097098348,0.01651511542073011,0.01651511542073011
NSMCE1,-0.08538759608313413,0.08538759608313413,-0.04456349628922273,0.04456349628922273
RPL7P21,-0.08534078912370502,0.08534078912370502,-0.027350580659360926,0.027350580659360926
DAZAP2,0.08520440317037839,0.08520440317037839,0.04084006526353453,0.04084006526353453
FOSB,0.08516063719109616,0.08516063719109616,0.047072026645434216,0.047072026645434216
LRP2BP,-0.08465619603103645,0.08465619603103645,-0.02391059495545173,0.02391059495545173
TSHZ2,0.0844980049928128,0.0844980049928128,0.05211677738656673,0.05211677738656673
AC091965.4,0.08442119303176313,0.08442119303176313,0.01752232946272886,0.01752232946272886
RPLP1P6,0.08426856988485844,0.08426856988485844,0.02872653774636766,0.02872653774636766
AGAP2-AS1,-0.08392805934203494,0.08392805934203494,0.020963572547373098,0.020963572547373098
SNHG26,0.08349491085147065,0.08349491085147065,0.0004016715555349689,0.0004016715555349689
ZDHHC16,-0.08341079292474494,0.08341079292474494,-0.035784644726081005,0.035784644726081005
AC015845.2,-0.08324293176020144,0.08324293176020144,-0.03801333191995679,0.03801333191995679
POLDIP2,-0.0832344918447615,0.0832344918447615,-0.015611058000699918,0.015611058000699918
MIR5010,0.08281203476368754,0.08281203476368754,0.09588370840462478,0.09588370840462478
EGFR,-0.08270797694951372,0.08270797694951372,-0.032860334930669324,0.032860334930669324
TSPAN31,-0.08270274275908598,0.08270274275908598,-0.0052646482125422445,0.0052646482125422445
SCARB2,0.08259143505303765,0.08259143505303765,0.06301439197461751,0.06301439197461751
CCDC127,0.08218070053980477,0.08218070053980477,0.03883497254762763,0.03883497254762763
TMIGD3,-0.08174743500095293,0.08174743500095293,-0.008165758926893767,0.008165758926893767
C2,0.08086892825067636,0.08086892825067636,0.041369677403430984,0.041369677403430984
DUSP23,0.08039768037453211,0.08039768037453211,0.02819472546425211,0.02819472546425211
AC093599.2,0.08023858958828091,0.08023858958828091,0.010654082807127381,0.010654082807127381
MIR4530,0.08006249913637846,0.08006249913637846,0.03965532159450591,0.03965532159450591
BX284668.6,-0.0797144128383671,0.0797144128383671,-0.023802271084233342,0.023802271084233342
ALKAL2,0.07952538416451911,0.07952538416451911,0.06803928625458691,0.06803928625458691
TMEFF2,0.07914505738295999,0.07914505738295999,0.017219614572255827,0.017219614572255827
AC009974.1,-0.07898364442883486,0.07898364442883486,-0.005055564864128839,0.005055564864128839
RPSAP46,-0.07871902702372088,0.07871902702372088,-0.03068072860934473,0.03068072860934473
MED10,0.07861465292993108,0.07861465292993108,0.03498431761324315,0.03498431761324315
DERL2,0.07833326524396031,0.07833326524396031,0.011715324992637728,0.011715324992637728
ITGA3,-0.07827523630997692,0.07827523630997692,-0.02722658759786966,0.02722658759786966
AC026410.1,0.07786890664240477,0.07786890664240477,0.08666859798508494,0.08666859798508494
AC012254.1,-0.07778447165171312,0.07778447165171312,-0.07352750327950891,0.07352750327950891
ERO1A,-0.07777745405862548,0.07777745405862548,-0.018065448639163022,0.018065448639163022
HOXD10,0.07774173947736898,0.07774173947736898,0.03544947107601825,0.03544947107601825
ZFP69,0.07765138453379342,0.07765138453379342,0.0563815878104658,0.0563815878104658
TSPAN13,-0.07710080889603034,0.07710080889603034,-0.05436264600674441,0.05436264600674441
AC244034.1,-0.07709067128023428,0.07709067128023428,-0.009934891625818832,0.009934891625818832
AC079760.1,-0.07668119800278246,0.07668119800278246,-0.002019186974806401,0.002019186974806401
PPARG,-0.07665763364196052,0.07665763364196052,0.007553939290682229,0.007553939290682229
TCTA,0.07654841540297842,0.07654841540297842,0.016466567606017224,0.016466567606017224
TXNIP,0.07652823996440679,0.07652823996440679,0.04939044067989857,0.04939044067989857
LINC01638,0.07614612071139704,0.07614612071139704,0.009985288352141899,0.009985288352141899
KCNK10,0.07612509558733595,0.07612509558733595,0.02622984607914906,0.02622984607914906
PTPRN,-0.07586324710099687,0.07586324710099687,-0.02699358243215533,0.02699358243215533
RAB27B,0.07582424666750462,0.07582424666750462,0.047867210564026534,0.047867210564026534
C15orf48,-0.07545548442069001,0.07545548442069001,0.017501712160296237,0.017501712160296237
RNU6-97P,-0.07535770278582735,0.07535770278582735,-0.04477605169051342,0.04477605169051342
NDN,-0.07519670143950045,0.07519670143950045,0.012814163432978181,0.012814163432978181
CKS1BP7,0.07511446081759086,0.07511446081759086,0.027321772109343296,0.027321772109343296
TBX5,-0.07510628532529884,0.07510628532529884,0.002440116434353361,0.002440116434353361
RPS12P23,0.07510245647341372,0.07510245647341372,0.02398713887424712,0.02398713887424712
AL512785.1,-0.07476076783074581,0.07476076783074581,0.01965409743509925,0.01965409743509925
MGAT5B,0.0742969180135807,0.0742969180135807,-0.01108779500069216,0.01108779500069216
AC005730.2,0.07369734674880389,0.07369734674880389,0.04258437268998583,0.04258437268998583
PGBD5,0.07350417951108641,0.07350417951108641,0.05213435887866639,0.05213435887866639
AL358334.2,-0.07335665667795802,0.07335665667795802,-0.028409356118321342,0.028409356118321342
NOP56P1,-0.07332180985903582,0.07332180985903582,0.0016960738690825542,0.0016960738690825542
ALPL,0.07325330543879875,0.07325330543879875,0.035117803666401486,0.035117803666401486
AC009549.1,-0.07314771230088646,0.07314771230088646,-0.05833485039835882,0.05833485039835882
AL138955.1,0.07296118177096796,0.07296118177096796,0.06435546731532056,0.06435546731532056
CTSD,-0.07276922561487019,0.07276922561487019,-0.011183536874209254,0.011183536874209254
RPSAP47,-0.0726716254014136,0.0726716254014136,-0.06343066778178166,0.06343066778178166
LINC02361,-0.07261219677822853,0.07261219677822853,0.0034982226001707664,0.0034982226001707664
RPS5P8,-0.07257106749131323,0.07257106749131323,-0.009536240811351787,0.009536240811351787
C5orf46,0.07245141393818606,0.07245141393818606,0.028054396643056888,0.028054396643056888
MRPL17,-0.07240141059717611,0.07240141059717611,-0.03464972489455777,0.03464972489455777
SNTG1,0.07208842961837762,0.07208842961837762,0.0026851590989316805,0.0026851590989316805
MIR4256,0.07194415499793776,0.07194415499793776,0.03640896642399094,0.03640896642399094
EIF2B1,0.07181462189811247,0.07181462189811247,0.04173220389133197,0.04173220389133197
MRPL10,-0.07159456797692532,0.07159456797692532,-0.0262292559877519,0.0262292559877519
KANSL1-AS1,0.07157489791931702,0.07157489791931702,0.07334081406884074,0.07334081406884074
RAB5C,0.07153101443879267,0.07153101443879267,0.0695936487356521,0.0695936487356521
AC061992.2,0.07145765803064852,0.07145765803064852,0.012179609615679163,0.012179609615679163
MTCO2P12,0.071231553615801,0.071231553615801,0.048391342900711405,0.048391342900711405
LDAH,-0.07084648706300352,0.07084648706300352,-0.06679328867048835,0.06679328867048835
BCL2A1,-0.07082604336891034,0.07082604336891034,-0.02218100057862442,0.02218100057862442
EEF1AKMT3,-0.07063054411145679,0.07063054411145679,-0.016752560804338908,0.016752560804338908
CHRM4,-0.07037383596729782,0.07037383596729782,0.033205035467866635,0.033205035467866635
UNC5B-AS1,0.06990200387372848,0.06990200387372848,-0.03085134142572522,0.03085134142572522
RHNO1,0.06983373726607188,0.06983373726607188,0.05041961906137678,0.05041961906137678
TBX15,0.06962019959659224,0.06962019959659224,0.03175172949859452,0.03175172949859452
CDH13,0.06945687948407717,0.06945687948407717,0.05036891003035404,0.05036891003035404
AC069236.1,-0.06938945498707859,0.06938945498707859,0.0456061092094602,0.0456061092094602
SCARNA20,0.06936732541637906,0.06936732541637906,0.01836490401086605,0.01836490401086605
AC007485.1,0.06903823205845826,0.06903823205845826,0.05526159643339917,0.05526159643339917
TRAPPC4,-0.06885778709088236,0.06885778709088236,-0.04036041862252132,0.04036041862252132
SDS,-0.0686689924228747,0.0686689924228747,-0.010390308038320169,0.010390308038320169
AC104024.4,-0.0684740277822769,0.0684740277822769,-0.005733752509202997,0.005733752509202997
CD47,-0.0678040556708626,0.0678040556708626,-0.042882311993663304,0.042882311993663304
RGS14,0.06775230458888316,0.06775230458888316,0.010681973078479064,0.010681973078479064
BABAM2,0.06768370499508965,0.06768370499508965,0.05420111475929791,0.05420111475929791
DES,0.06749844038748952,0.06749844038748952,0.0250727866543738,0.0250727866543738
MGMT,0.06734076894553707,0.06734076894553707,-0.014199100654755163,0.014199100654755163
KLHL35,0.067333651167118,0.067333651167118,0.036742627708978584,0.036742627708978584
SCARA3,-0.06713485016347062,0.06713485016347062,-0.0043641469699487465,0.0043641469699487465
RUFY2,0.0669087871887043,0.0669087871887043,0.006129645331305603,0.006129645331305603
AC006249.1,0.06657566498478042,0.06657566498478042,-0.01914859126442201,0.01914859126442201
HOXC13,0.06649191028768921,0.06649191028768921,0.0709586709469524,0.0709586709469524
LMO7,0.06640539501145219,0.06640539501145219,0.07391732023509477,0.07391732023509477
EIPR1,0.06631836847193977,0.06631836847193977,0.036161968926732374,0.036161968926732374
MIR4653,-0.0662171086372134,0.0662171086372134,-0.03700382053431473,0.03700382053431473
MRPS6,-0.06621331186814673,0.06621331186814673,-0.021794966442651786,0.021794966442651786
SEC61G-DT,-0.06620524060320372,0.06620524060320372,-0.023278976581265265,0.023278976581265265
HSP90B1,0.06615925290329143,0.06615925290329143,0.017614236647980806,0.017614236647980806
VWC2L,-0.0661007035130469,0.0661007035130469,0.010601956432859763,0.010601956432859763
MACROH2A1,-0.06588610203530641,0.06588610203530641,-0.0009631620610984257,0.0009631620610984257
AC002056.1,0.0657658262039444,0.0657658262039444,0.04154977996582431,0.04154977996582431
TRNP1,-0.06571437631385943,0.06571437631385943,0.028560903986219473,0.028560903986219473
HLA-DPA3,0.06554354111724407,0.06554354111724407,0.0021887961749059576,0.0021887961749059576
GLTP,0.06549241579809892,0.06549241579809892,0.06958846225578776,0.06958846225578776
NIT1,-0.06504157925285643,0.06504157925285643,-0.02817164489108871,0.02817164489108871
PSMA1,-0.06490348687420391,0.06490348687420391,-0.050983159179971885,0.050983159179971885
ZNF622,0.06474697960938329,0.06474697960938329,0.011577787038462063,0.011577787038462063
TMED5,0.0647419356695528,0.0647419356695528,-0.002343303060092564,0.002343303060092564
NSA2P7,-0.06468941951361941,0.06468941951361941,0.041605515583411856,0.041605515583411856
RETREG3,0.0646877690403479,0.0646877690403479,0.040538564959040894,0.040538564959040894
MT-CO2,0.06452699721705707,0.06452699721705707,0.021297471140843512,0.021297471140843512
SBDS,0.06424595210416434,0.06424595210416434,0.02697926904450357,0.02697926904450357
ZNF432,-0.064090458860019,0.064090458860019,-0.04668285892409853,0.04668285892409853
RCCD1,-0.06393183812412653,0.06393183812412653,0.005512958238055916,0.005512958238055916
TALDO1,-0.06376074622554798,0.06376074622554798,-0.014351084670330992,0.014351084670330992
MIR6746,0.06326545421978685,0.06326545421978685,0.011625999910485208,0.011625999910485208
FSTL3,0.06315901359158559,0.06315901359158559,0.043765361159992626,0.043765361159992626
TK1,0.06304124497784973,0.06304124497784973,0.024686989905300945,0.024686989905300945
PRICKLE1,0.06302331582756066,0.06302331582756066,0.014355371156974408,0.014355371156974408
ORC2,-0.06276470555188493,0.06276470555188493,-0.0216184816880227,0.0216184816880227
NSUN5,0.06276094347454311,0.06276094347454311,0.00862041839576188,0.00862041839576188
NTN5,0.06227894813617495,0.06227894813617495,0.02293096232816322,0.02293096232816322
ULBP2,0.06214115925799767,0.06214115925799767,0.07749677248206467,0.07749677248206467
MT1P3,-0.06192097537306109,0.06192097537306109,-0.01228924867703802,0.01228924867703802
IFNAR2,-0.06175826156739631,0.06175826156739631,-0.011140053817169631,0.011140053817169631
FP565260.3,-0.061379870259743535,0.061379870259743535,-0.0031966083354678745,0.0031966083354678745
LANCL3,-0.06130641910550037,0.06130641910550037,-0.035905485834644736,0.035905485834644736
VSTM2L,0.0612615603830207,0.0612615603830207,-0.023699674887503942,0.023699674887503942
SAR1B,0.06116023349691801,0.06116023349691801,0.02419376856875075,0.02419376856875075
SMUG1,0.06107452698460452,0.06107452698460452,0.05693516338576962,0.05693516338576962
CDK2AP2,-0.06074515131216404,0.06074515131216404,0.002896130227901947,0.002896130227901947
NINJ2-AS1,0.06071617118480608,0.06071617118480608,0.03630167608718029,0.03630167608718029
AC009686.2,-0.06058383203269916,0.06058383203269916,-0.006667712982229077,0.006667712982229077
RNU6-88P,-0.05986022883412202,0.05986022883412202,-0.02665900570333949,0.02665900570333949
RABIF,0.059842603098662434,0.059842603098662434,0.029218218651076627,0.029218218651076627
HOXC10,0.059835648639825205,0.059835648639825205,0.08758958931804904,0.08758958931804904
GJB2,-0.05967385379499477,0.05967385379499477,0.015223550980871699,0.015223550980871699
NUDCP2,0.05962179444053613,0.05962179444053613,0.06905633588283928,0.06905633588283928
PRIMA1,-0.059220914793385704,0.059220914793385704,-0.023229271821111043,0.023229271821111043
RNF167,0.05916885386933866,0.05916885386933866,0.05416762928170209,0.05416762928170209
ADGRG6,0.05900826085670949,0.05900826085670949,0.0005457803967119021,0.0005457803967119021
RFESD,0.058837253336580304,0.058837253336580304,0.05172670267817975,0.05172670267817975
AC004596.1,-0.058816462518114156,0.058816462518114156,-0.0018680808757645193,0.0018680808757645193
H2BC17,-0.058695462999434886,0.058695462999434886,-0.014920212406160935,0.014920212406160935
MMP19,0.058605954068832906,0.058605954068832906,0.001214825225409697,0.001214825225409697
AC002467.1,0.058456536860492646,0.058456536860492646,0.051994918829555065,0.051994918829555065
HOXC4,0.05834887094536291,0.05834887094536291,0.05530756387815972,0.05530756387815972
RARA-AS1,0.05796151541302463,0.05796151541302463,0.043885062716232236,0.043885062716232236
BTG1,0.057945263710298844,0.057945263710298844,0.018933702398169352,0.018933702398169352
GNS,0.057904452887676726,0.057904452887676726,0.013935260302131358,0.013935260302131358
GHDC,0.05788842316752998,0.05788842316752998,0.047760192284293325,0.047760192284293325
AC073063.1,0.057808771484627194,0.057808771484627194,0.00218344404689878,0.00218344404689878
AP000223.1,-0.05776286313263438,0.05776286313263438,-0.012986910466156592,0.012986910466156592
CD44,-0.0576062145448495,0.0576062145448495,-0.06622808204704625,0.06622808204704625
DPYSL3,0.05747153764581127,0.05747153764581127,0.0166470443567063,0.0166470443567063
RIT2,-0.05713649680970264,0.05713649680970264,-0.025973258963781744,0.025973258963781744
CPD,0.05700673649890194,0.05700673649890194,0.03568602913758125,0.03568602913758125
RGS16,0.056777859369372664,0.056777859369372664,0.0013823454639474819,0.0013823454639474819
NPR3,0.05667413648406678,0.05667413648406678,0.023400051942920146,0.023400051942920146
FCRLB,-0.05665109007758244,0.05665109007758244,-0.03142032083498051,0.03142032083498051
HMGN2P41,0.05664029572701816,0.05664029572701816,0.045748074026018395,0.045748074026018395
DDX25,0.05648969867794222,0.05648969867794222,-0.021605241263805166,0.021605241263805166
GNGT2,-0.05639698226461578,0.05639698226461578,0.02017390965391646,0.02017390965391646
HS3ST3A1,0.056334598437766996,0.056334598437766996,-0.004605798818826202,0.004605798818826202
AL109917.1,-0.0563208152627948,0.0563208152627948,-0.01613388873117881,0.01613388873117881
PCDHB4,0.056267860206495275,0.056267860206495275,0.036987767563088275,0.036987767563088275
LINC02182,0.0562464427936459,0.0562464427936459,-0.005638471806564297,0.005638471806564297
OLR1,-0.056142839718372084,0.056142839718372084,0.021504163587567692,0.021504163587567692
NAGS,0.056015842388043156,0.056015842388043156,0.04588688819938521,0.04588688819938521
AC091825.3,0.05579892101182926,0.05579892101182926,0.05462758097082145,0.05462758097082145
ACTR1A,0.05579091306395488,0.05579091306395488,0.07188291834350702,0.07188291834350702
BCL11B,0.055774327925225145,0.055774327925225145,0.03792669640081287,0.03792669640081287
HTR7,0.05573530719323686,0.05573530719323686,0.03115626080401154,0.03115626080401154
SERGEF,-0.05571151546411211,0.05571151546411211,-0.009566783353798847,0.009566783353798847
MAGEE1,0.05549818211282303,0.05549818211282303,0.040670590119969964,0.040670590119969964
MIXL1,-0.05512195153703162,0.05512195153703162,0.04352115961468308,0.04352115961468308
SHISA5,-0.05489942656890123,0.05489942656890123,-0.03462106202729455,0.03462106202729455
TMEM159,-0.05484765254903072,0.05484765254903072,-0.02299802157474183,0.02299802157474183
FAM241B,0.054794873154566506,0.054794873154566506,0.008845724966681831,0.008845724966681831
LIN7A,-0.05464847183292284,0.05464847183292284,-0.02338370009513011,0.02338370009513011
LDHAP7,0.054512159106661115,0.054512159106661115,0.010027592108282066,0.010027592108282066
DUSP14,-0.05449110010354953,0.05449110010354953,-0.009350110492416427,0.009350110492416427
RPLP0P2,0.05411090050164685,0.05411090050164685,0.022258700996387524,0.022258700996387524
AP002784.1,0.05402052056255092,0.05402052056255092,0.002089786986075079,0.002089786986075079
C12orf75,-0.05382916196581855,0.05382916196581855,-0.01655607630071601,0.01655607630071601
AP001363.2,-0.053501799037795186,0.053501799037795186,-0.05473123276109369,0.05473123276109369
MSANTD3,-0.05321863038427529,0.05321863038427529,-0.047758384447078125,0.047758384447078125
ADCY2,0.053209493347543386,0.053209493347543386,0.028715559041624192,0.028715559041624192
AC080188.1,-0.05319157358540474,0.05319157358540474,0.028048865199385722,0.028048865199385722
SEZ6,-0.05313288195288464,0.05313288195288464,1.7373680451474966e-05,1.7373680451474966e-05
TMEM233,0.05303755607653581,0.05303755607653581,0.03463986832502252,0.03463986832502252
HMX1,-0.05292226869383925,0.05292226869383925,-0.017051364863387628,0.017051364863387628
HOXB-AS1,0.05286768461329992,0.05286768461329992,0.05211807346544888,0.05211807346544888
AL603839.3,0.05282916972553598,0.05282916972553598,0.04489541003946862,0.04489541003946862
PSMD9,0.052809481958561215,0.052809481958561215,0.038110594645116576,0.038110594645116576
TIMM22,-0.052800080251214666,0.052800080251214666,-0.020283771278809887,0.020283771278809887
PSMD3,0.05269670966938681,0.05269670966938681,0.05256664288239289,0.05256664288239289
MPI,-0.05269323204258092,0.05269323204258092,0.0025831290183462577,0.0025831290183462577
AC083837.1,0.05253029300944401,0.05253029300944401,0.0014611582943673883,0.0014611582943673883
RGS4,0.05248535649935465,0.05248535649935465,-0.0028583229318499934,0.0028583229318499934
TMEM199,-0.05229791854475343,0.05229791854475343,-0.01724134843116964,0.01724134843116964
SPRYD4,-0.05219406212475561,0.05219406212475561,-0.0032965093724055786,0.0032965093724055786
RND3,0.0521135010428588,0.0521135010428588,-0.0059998149592188224,0.0059998149592188224
RAB1A,0.05191693317987063,0.05191693317987063,-0.012798883457479598,0.012798883457479598
AC083906.5,-0.05188114218889354,0.05188114218889354,-0.0005197785725792851,0.0005197785725792851
SLC39A4,0.05184585527104819,0.05184585527104819,-0.015806577620655047,0.015806577620655047
ACTA1,0.05182283052284,0.05182283052284,0.0487459452346104,0.0487459452346104
UBA6-AS1,0.051690567944390836,0.051690567944390836,0.0017051089136096743,0.0017051089136096743
ELAVL4,0.051620343495695754,0.051620343495695754,0.019768775206351938,0.019768775206351938
MTMR14,0.05143020384282626,0.05143020384282626,0.03893751967806018,0.03893751967806018
CACNA1A,0.05123042636829983,0.05123042636829983,0.03131810968307172,0.03131810968307172
RPL12P10,-0.051202005778820066,0.051202005778820066,-0.04761861829140113,0.04761861829140113
EIF1P3,0.05100868950795402,0.05100868950795402,0.0469759213428907,0.0469759213428907
ANKRD1,0.05098407698985426,0.05098407698985426,0.01700979466336843,0.01700979466336843
MIR4458HG,0.05090027349618043,0.05090027349618043,0.03638652897628986,0.03638652897628986
PCSK2,0.050865512015506854,0.050865512015506854,0.026045429350941417,0.026045429350941417
ZMIZ1-AS1,0.05072797984325815,0.05072797984325815,0.03345695481959176,0.03345695481959176
AC008764.2,0.05069334809927807,0.05069334809927807,0.02955255394221001,0.02955255394221001
CELF5,0.050687056362926995,0.050687056362926995,0.023299048512502057,0.023299048512502057
AL354696.1,-0.0504556024659411,0.0504556024659411,-0.0275284658079411,0.0275284658079411
TMUB2,-0.05042037929985281,0.05042037929985281,-0.0022847427299328717,0.0022847427299328717
ROBO1,0.050169128330279956,0.050169128330279956,0.001196198069359496,0.001196198069359496
AC011444.1,0.04997966965515612,0.04997966965515612,0.0237284067562768,0.0237284067562768
NAXD,0.04982211220800588,0.04982211220800588,0.033890021147785325,0.033890021147785325
AC091271.1,-0.04972485987663005,0.04972485987663005,0.014561044704373768,0.014561044704373768
SLC15A4,0.04969133222716587,0.04969133222716587,0.01955064129664792,0.01955064129664792
SMN1,-0.049637356535539356,0.049637356535539356,0.02818382848687681,0.02818382848687681
GLUL,-0.04958616735001145,0.04958616735001145,0.01100564365287517,0.01100564365287517
ACVR1B,0.04955362556336123,0.04955362556336123,0.05684045852686663,0.05684045852686663
GAPDHP59,0.049530393242020826,0.049530393242020826,0.0003744711921381313,0.0003744711921381313
AC007318.1,-0.04936494742419376,0.04936494742419376,0.019085299812253438,0.019085299812253438
AC090425.1,-0.04924867162446141,0.04924867162446141,-0.06224001852321469,0.06224001852321469
DOCK9-DT,0.049209441079778114,0.049209441079778114,0.06610682886135315,0.06610682886135315
CD83,0.04918099710055586,0.04918099710055586,0.04650407988147255,0.04650407988147255
P2RY6,-0.049172303322540044,0.049172303322540044,-0.008486713762779749,0.008486713762779749
UBE2D2,0.04916617257102553,0.04916617257102553,0.041202325978279095,0.041202325978279095
AC026367.2,0.0490472127289759,0.0490472127289759,0.05471778731933078,0.05471778731933078
PFN1P1,-0.04900711083332918,0.04900711083332918,0.015750286636017612,0.015750286636017612
HEIH,0.04869849203840346,0.04869849203840346,0.03291732348724197,0.03291732348724197
TCEAL5,-0.04854131743720736,0.04854131743720736,-0.011964553171175032,0.011964553171175032
PSPH,-0.04823585823007136,0.04823585823007136,0.028785298817650684,0.028785298817650684
SAP30,-0.04811638797289585,0.04811638797289585,-0.043341670758267566,0.043341670758267566
TIMP2,-0.04809852949666669,0.04809852949666669,0.005876961919376027,0.005876961919376027
DNAJC30,-0.048052257629542544,0.048052257629542544,-0.035271729662851706,0.035271729662851706
WAC-AS1,0.04805081904923602,0.04805081904923602,0.0582547717303007,0.0582547717303007
SRD5A3,-0.04781565774269854,0.04781565774269854,0.023959682414636287,0.023959682414636287
KLF10,-0.04757107965758395,0.04757107965758395,-0.005356262322971961,0.005356262322971961
TRIL,0.04756605059244671,0.04756605059244671,0.013035164134583882,0.013035164134583882
F3,-0.04743488838943878,0.04743488838943878,-0.046081497574686874,0.046081497574686874
AC241377.3,-0.047112078120479337,0.047112078120479337,-0.007978936850267385,0.007978936850267385
AP3S1,-0.046978645226954545,0.046978645226954545,0.019986726535850926,0.019986726535850926
AC131159.2,-0.04697411175251374,0.04697411175251374,0.028711919129070864,0.028711919129070864
KCTD10,0.046951431895508225,0.046951431895508225,0.042292928679935254,0.042292928679935254
LINC02094,0.0467043254567246,0.0467043254567246,0.04855141634935759,0.04855141634935759
TPST1,0.04667060773017567,0.04667060773017567,-0.01502662007321279,0.01502662007321279
TVP23A,0.046507478936883194,0.046507478936883194,-0.0035847596462872276,0.0035847596462872276
ANK1,0.04646463702141146,0.04646463702141146,0.04279440798346847,0.04279440798346847
G0S2,0.046456345096945455,0.046456345096945455,0.03830522559099506,0.03830522559099506
MAP2K4,0.04614462958674261,0.04614462958674261,-0.002064556824758887,0.002064556824758887
MIR3193,-0.046021207612583326,0.046021207612583326,-0.07622327885073504,0.07622327885073504
JAKMIP2,0.045652563487609626,0.045652563487609626,0.006521214353622548,0.006521214353622548
ING2,0.045462924471516286,0.045462924471516286,0.038520699504218575,0.038520699504218575
AC009779.2,-0.04516800890894192,0.04516800890894192,0.04592193903260682,0.04592193903260682
OSCAR,-0.044920867112022686,0.044920867112022686,0.0033000042783764626,0.0033000042783764626
ACTG2,-0.04482407814296797,0.04482407814296797,-0.01952543404094087,0.01952543404094087
EFHB,0.044788324002689,0.044788324002689,0.02104160552239835,0.02104160552239835
ZNF383,-0.044770085442870644,0.044770085442870644,-0.01920697968375914,0.01920697968375914
CREB5,0.04468266247156871,0.04468266247156871,0.007810993544966656,0.007810993544966656
CD81,0.04454076085802311,0.04454076085802311,0.008109110776179386,0.008109110776179386
HOTAIR,0.044358228052552046,0.044358228052552046,0.07248112074337949,0.07248112074337949
IRX1,-0.04432797250867469,0.04432797250867469,-0.02282862622311851,0.02282862622311851
RETREG1,-0.04432451953554993,0.04432451953554993,-0.041153822841678386,0.041153822841678386
RPS20P4,-0.044314074744958125,0.044314074744958125,-0.04577275293472115,0.04577275293472115
GLYATL2,-0.04422543098700456,0.04422543098700456,0.01780346747981904,0.01780346747981904
LACTB,0.0441569016181403,0.0441569016181403,0.003082973120551464,0.003082973120551464
SLC47A1,-0.044090647285615694,0.044090647285615694,-0.03164817051910686,0.03164817051910686
CD180,-0.0440877142563715,0.0440877142563715,0.018709626343636033,0.018709626343636033
ZCRB1,0.044052515704182504,0.044052515704182504,0.04609284239447239,0.04609284239447239
CLEC5A,-0.043840113786441606,0.043840113786441606,-0.02180524192936902,0.02180524192936902
SLC43A1,0.04372349858838641,0.04372349858838641,0.07027361886834906,0.07027361886834906
KIAA1671,-0.04343090932012358,0.04343090932012358,-0.012084979684290818,0.012084979684290818
TMEM99,-0.04339401944595905,0.04339401944595905,-0.006966165473084518,0.006966165473084518
PIM1,0.04328827713507918,0.04328827713507918,0.02909667180643806,0.02909667180643806
HGD,0.043276454277414854,0.043276454277414854,0.053619862528219306,0.053619862528219306
AL359711.2,-0.04325218865462922,0.04325218865462922,0.012946510917585235,0.012946510917585235
ATP6V1B2,0.04324517463246234,0.04324517463246234,-0.001432298645402649,0.001432298645402649
FADS3,0.043163928185919444,0.043163928185919444,-0.018085370428733386,0.018085370428733386
IFI16,-0.04315704791909326,0.04315704791909326,0.014669791376438361,0.014669791376438361
NMNAT2,0.04266379346191242,0.04266379346191242,0.023574330007291797,0.023574330007291797
AC010487.1,-0.04251006543431793,0.04251006543431793,-0.018187506201071006,0.018187506201071006
RPL23AP81,-0.04250674619061876,0.04250674619061876,-0.05071243628358656,0.05071243628358656
AL135786.1,0.042233333626411705,0.042233333626411705,9.347619823183883e-05,9.347619823183883e-05
NACA3P,0.042081693943771425,0.042081693943771425,0.01743072411282643,0.01743072411282643
AC026412.1,-0.04207186999098238,0.04207186999098238,-0.07837851235707965,0.07837851235707965
C1QL2,-0.04200838083027218,0.04200838083027218,0.001354476459045748,0.001354476459045748
HS6ST1,0.041961298063365404,0.041961298063365404,-0.040224402926772006,0.040224402926772006
RTN4,0.04192971328184868,0.04192971328184868,-0.026904286988782614,0.026904286988782614
MLLT11,0.0418905342131176,0.0418905342131176,0.01571951809599051,0.01571951809599051
HSPA4,0.04182203447324433,0.04182203447324433,0.02262252298030299,0.02262252298030299
LINC01770,-0.041747037287099754,0.041747037287099754,-0.04186853631363147,0.04186853631363147
RGMB,-0.041681667648570744,0.041681667648570744,-0.05312998267287288,0.05312998267287288
TMEM11,-0.04156374571246803,0.04156374571246803,0.003005101664854766,0.003005101664854766
HAGH,0.04151606499239693,0.04151606499239693,0.04590312984487254,0.04590312984487254
PLPP4,0.04150424406138502,0.04150424406138502,-0.028828340748672226,0.028828340748672226
SFRP2,0.04147998066650442,0.04147998066650442,-0.021807101052316757,0.021807101052316757
AC018926.1,0.041412808684729054,0.041412808684729054,0.033305194556135696,0.033305194556135696
ATPAF2,-0.04127733018422336,0.04127733018422336,-0.023294634758243504,0.023294634758243504
FAM174A,-0.041143351053952094,0.041143351053952094,-0.015645559761942467,0.015645559761942467
BIRC3,0.04095807997954484,0.04095807997954484,0.016226229042048557,0.016226229042048557
AC092645.2,-0.040834104044558,0.040834104044558,-0.0062422733314716735,0.0062422733314716735
AC008764.6,-0.04080647416253762,0.04080647416253762,-0.008715655751625888,0.008715655751625888
AC024730.1,0.04058490678807732,0.04058490678807732,0.014111036634875227,0.014111036634875227
TMEM64,-0.0405653661842994,0.0405653661842994,-0.09188649853512093,0.09188649853512093
SLC35C1,-0.04050075576475035,0.04050075576475035,-0.0068210911131278825,0.0068210911131278825
HOXC9,0.04031890497949481,0.04031890497949481,0.09283127149121977,0.09283127149121977
LBH,-0.04025893799159993,0.04025893799159993,0.007861300267306859,0.007861300267306859
FP671120.9,-0.04019438051787884,0.04019438051787884,0.022657755350568395,0.022657755350568395
MT1P1,-0.04012008229059698,0.04012008229059698,-0.0035920948083711475,0.0035920948083711475
CXCL2,0.04002475287198106,0.04002475287198106,0.007685755374172146,0.007685755374172146
HRCT1,0.03980714458447126,0.03980714458447126,0.04652265184375496,0.04652265184375496
SLC45A1,-0.03965369701835339,0.03965369701835339,-9.669872226169545e-05,9.669872226169545e-05
SNORA11,0.039575519541607804,0.039575519541607804,0.0342905619636737,0.0342905619636737
SPRYD3,0.039369155005347115,0.039369155005347115,0.04932059296776113,0.04932059296776113
OSGEPL1-AS1,-0.03921471383246471,0.03921471383246471,-0.005331076146160842,0.005331076146160842
AC005534.1,-0.03920679010225711,0.03920679010225711,0.004017190224295528,0.004017190224295528
AC092745.3,0.03904109961309857,0.03904109961309857,0.037757414483824824,0.037757414483824824
EYA2,-0.03901496518464718,0.03901496518464718,0.009086111602071352,0.009086111602071352
DNAJC7,0.03897719929371316,0.03897719929371316,0.058298234236073665,0.058298234236073665
AC002059.3,0.03888644566032622,0.03888644566032622,0.04636914659487946,0.04636914659487946
TPMT,0.03883184103397283,0.03883184103397283,0.019212890543996452,0.019212890543996452
TREM1,-0.03869719731972948,0.03869719731972948,-0.0064296954791560265,0.0064296954791560265
AL356019.2,0.038673071229805685,0.038673071229805685,0.021520231218945685,0.021520231218945685
LINC00672,-0.0386455576053018,0.0386455576053018,-0.008191437355142429,0.008191437355142429
MIR6859-2,0.03861252547876308,0.03861252547876308,-0.00022258633430541924,0.00022258633430541924
CD2BP2-DT,0.03860963108301611,0.03860963108301611,0.038649056833242504,0.038649056833242504
EGFLAM,-0.038608281011450904,0.038608281011450904,0.03661575802674747,0.03661575802674747
SLC16A7,-0.03856261823270962,0.03856261823270962,-0.021929550815293814,0.021929550815293814
MFSD5,0.0385225536575313,0.0385225536575313,-0.004098448613363417,0.004098448613363417
AC108673.2,-0.03843225821458939,0.03843225821458939,0.030134201208410635,0.030134201208410635
ITK,-0.038404972571161204,0.038404972571161204,0.0082906087963481,0.0082906087963481
AC127002.1,-0.03832750451365089,0.03832750451365089,-0.049324785925990176,0.049324785925990176
ENO2,-0.03826774312971369,0.03826774312971369,-0.010041405356380123,0.010041405356380123
KAT7P1,-0.03821414332676132,0.03821414332676132,-0.033857565486146754,0.033857565486146754
RWDD4P2,-0.038188156785764114,0.038188156785764114,0.006641797352697206,0.006641797352697206
EEF1E1,-0.038159186638256556,0.038159186638256556,-0.05094782177556067,0.05094782177556067
TTC9,-0.03809473965571947,0.03809473965571947,0.0087070634649918,0.0087070634649918
L1CAM,0.038036767316894135,0.038036767316894135,0.007571827301333193,0.007571827301333193
RPL13AP20,-0.03800194045530497,0.03800194045530497,0.0007100010081096213,0.0007100010081096213
GNG2,0.03780619779281259,0.03780619779281259,0.02355061547250557,0.02355061547250557
AC091982.1,0.03759141400919979,0.03759141400919979,-0.017900450920750904,0.017900450920750904
TMEM50A,0.03758899099558191,0.03758899099558191,0.0627937053591248,0.0627937053591248
SLC44A5,-0.03755852019270412,0.03755852019270412,0.0011497426134094236,0.0011497426134094236
LOXL1,0.03750288346556712,0.03750288346556712,0.02007641374811894,0.02007641374811894
IFTAP,-0.037475560470389836,0.037475560470389836,-0.01716316141050777,0.01716316141050777
SEMA5B,-0.03744625600455311,0.03744625600455311,-0.034947829718553945,0.034947829718553945
AAMDC,0.03735627300868893,0.03735627300868893,0.02372452408631625,0.02372452408631625
C1orf162,0.037315257300322494,0.037315257300322494,0.04550065152818712,0.04550065152818712
RIC8A,-0.037295220966304506,0.037295220966304506,-0.017511084790719687,0.017511084790719687
RIMBP2,0.0371428403169366,0.0371428403169366,0.013379059285398261,0.013379059285398261
VPS25,0.03710464900847862,0.03710464900847862,0.02301707868754327,0.02301707868754327
GNL3L,0.03700583888679542,0.03700583888679542,0.012655866662730001,0.012655866662730001
CCL4L2,0.036987958595739646,0.036987958595739646,0.07493641168165857,0.07493641168165857
AC079150.1,-0.036947134661326056,0.036947134661326056,-0.028150781326990892,0.028150781326990892
BHLHE22,0.03686791123249949,0.03686791123249949,0.016612402571488882,0.016612402571488882
FAM167B,0.03681069577373731,0.03681069577373731,0.03302236436800609,0.03302236436800609
SEMA4B,0.036736181656859664,0.036736181656859664,0.028585183080932417,0.028585183080932417
STARD3,0.036723458869451595,0.036723458869451595,0.08160903269927783,0.08160903269927783
HSP90B2P,0.036705975899056685,0.036705975899056685,0.05850538524258513,0.05850538524258513
PIGY-DT,-0.03657827606567069,0.03657827606567069,0.009627615103713426,0.009627615103713426
SLFN11,0.03656445065116213,0.03656445065116213,0.026054428123191194,0.026054428123191194
AP001086.1,0.03653534596782975,0.03653534596782975,0.00033112768252422314,0.00033112768252422314
MIR222HG,0.036328371669573846,0.036328371669573846,0.0345013502742021,0.0345013502742021
VGF,-0.03630156454995063,0.03630156454995063,-0.023519325458814678,0.023519325458814678
LONRF1,-0.036266988944663,0.036266988944663,-0.04731746266157891,0.04731746266157891
MIR3616,0.03617193848430673,0.03617193848430673,-0.002008218673273622,0.002008218673273622
LDHAP3,0.03613677705155352,0.03613677705155352,0.026771016608817817,0.026771016608817817
ATP6V1G2,-0.036056195506379736,0.036056195506379736,0.0026339195859719747,0.0026339195859719747
AC012618.3,-0.03601751766130721,0.03601751766130721,-0.029970184567413717,0.029970184567413717
WBP2,-0.036010225814908814,0.036010225814908814,0.01763116227959583,0.01763116227959583
MRFAP1L1,0.03600664879115993,0.03600664879115993,0.004968238993950799,0.004968238993950799
GJD3,0.035992218655922226,0.035992218655922226,0.0741400444526166,0.0741400444526166
CFL1,0.03563998827929395,0.03563998827929395,0.018815982735908995,0.018815982735908995
AC096586.2,0.035608809628465445,0.035608809628465445,-0.002796152176757402,0.002796152176757402
LINC00240,0.03556173900594629,0.03556173900594629,0.05040978687555826,0.05040978687555826
PLAUR,-0.03549021359050634,0.03549021359050634,0.007538375852181124,0.007538375852181124
AC024995.1,0.03525931404925223,0.03525931404925223,-0.0020759513980742315,0.0020759513980742315
NCF2,-0.035200561486670626,0.035200561486670626,0.016952417714141497,0.016952417714141497
RPL12P27,-0.0351718661378551,0.0351718661378551,0.022787604792686995,0.022787604792686995
ADA2,0.0351385400904908,0.0351385400904908,0.046597241689322194,0.046597241689322194
RNU6-476P,-0.035073135613698625,0.035073135613698625,0.03023835543745938,0.03023835543745938
TNIP2,-0.03505674495991798,0.03505674495991798,-0.0018257012912008869,0.0018257012912008869
NUDT1,0.03476458320799934,0.03476458320799934,0.0015704397473236056,0.0015704397473236056
PTPRN2,-0.03466650028708639,0.03466650028708639,-0.005948570582535077,0.005948570582535077
NACA4P,0.03456113236579451,0.03456113236579451,0.06274746474610388,0.06274746474610388
PARK7,0.03441582720022279,0.03441582720022279,0.03234774263325987,0.03234774263325987
GFRA1,0.03439890789325259,0.03439890789325259,0.013576835973911072,0.013576835973911072
SH3BGRL3,-0.03407234954125524,0.03407234954125524,-0.01510628554604534,0.01510628554604534
SLC17A6,0.03407089349802543,0.03407089349802543,0.02746028737917611,0.02746028737917611
NAGLU,0.03395255254414389,0.03395255254414389,-0.04218098086959679,0.04218098086959679
AC100812.1,0.033940883354182175,0.033940883354182175,-0.02908061431125569,0.02908061431125569
DPY19L2P1,0.03392951054526204,0.03392951054526204,-0.0036608114563619625,0.0036608114563619625
AL606970.4,-0.0339091129634503,0.0339091129634503,0.03117420726872031,0.03117420726872031
SPARC,0.03388114491209595,0.03388114491209595,-0.014908771852336647,0.014908771852336647
NBR2,-0.03360991138320687,0.03360991138320687,-0.02511611833094912,0.02511611833094912
FCER1G,-0.03357544782365922,0.03357544782365922,0.01693451781237769,0.01693451781237769
CD300H,0.03356326719032365,0.03356326719032365,-0.0048389796502576726,0.0048389796502576726
SHISA6,0.033485083067069446,0.033485083067069446,0.01989379242561879,0.01989379242561879
CYBC1,0.033471568965061455,0.033471568965061455,0.016336538170911633,0.016336538170911633
TFCP2L1,-0.03346883154792455,0.03346883154792455,-0.036401100521941836,0.036401100521941836
NUDT9,0.03332516357289745,0.03332516357289745,0.0030592826263838267,0.0030592826263838267
MIR3192,0.033266799358156775,0.033266799358156775,0.04298922546358377,0.04298922546358377
AGAP4,0.033131851290486354,0.033131851290486354,0.028754000626527353,0.028754000626527353
MIR4280HG,-0.03306628199892976,0.03306628199892976,-0.0027284876692392473,0.0027284876692392473
AL359182.1,0.03302469503317731,0.03302469503317731,-0.001192420285786288,0.001192420285786288
RGS8,0.03301748401093371,0.03301748401093371,0.024399503222175288,0.024399503222175288
VAT1L,0.03300847756534546,0.03300847756534546,0.046365197528845256,0.046365197528845256
DHRS7B,0.032881927167243356,0.032881927167243356,0.017460429836350874,0.017460429836350874
SMPD1,-0.032872566227981695,0.032872566227981695,-0.006121561611613267,0.006121561611613267
PMP2,-0.032747861082353204,0.032747861082353204,-0.030770884365831586,0.030770884365831586
PSMC2,0.03267306403480433,0.03267306403480433,-0.04001810308661529,0.04001810308661529
H3-3B,0.03259567954682993,0.03259567954682993,0.041863029589418115,0.041863029589418115
HMGN2P27,0.03256074769165437,0.03256074769165437,0.02646047026514984,0.02646047026514984
OS9,0.03254765388310957,0.03254765388310957,0.039376968096161674,0.039376968096161674
TNIP1,-0.032498805972670124,0.032498805972670124,0.01596837095918803,0.01596837095918803
ST8SIA4,0.03183420672534023,0.03183420672534023,0.044740148386196936,0.044740148386196936
NFKBIE,-0.03178984666007735,0.03178984666007735,0.020065808563739088,0.020065808563739088
MTATP6P2,0.031652602470749774,0.031652602470749774,0.015151632713144117,0.015151632713144117
AKIP1,-0.03164360778791972,0.03164360778791972,-0.011923259703219563,0.011923259703219563
SCG5,0.031634545942310716,0.031634545942310716,-0.017182002667416388,0.017182002667416388
SLC18B1,-0.0315307080999549,0.0315307080999549,-0.010426517498875203,0.010426517498875203
PPBP,-0.031518402818315534,0.031518402818315534,-0.010459325165536233,0.010459325165536233
RAMACL,-0.03139940874291618,0.03139940874291618,0.009579689621538457,0.009579689621538457
ZNF189,-0.031330560638442514,0.031330560638442514,-0.0350375394603671,0.0350375394603671
HOXC13-AS,0.030970016504157726,0.030970016504157726,0.06938512613897597,0.06938512613897597
AP001330.4,0.030835628917093797,0.030835628917093797,0.0420552960454393,0.0420552960454393
HCAR1,-0.030834889027411296,0.030834889027411296,-0.012174339608936059,0.012174339608936059
KCNG1,0.030752299931819473,0.030752299931819473,-0.001545734561958073,0.001545734561958073
AL161935.2,0.030580503899972078,0.030580503899972078,-0.04468235800320755,0.04468235800320755
BCL3,-0.030527068897061305,0.030527068897061305,-0.004863761129743197,0.004863761129743197
MAP1B,0.03050622904856507,0.03050622904856507,-0.00434879508660939,0.00434879508660939
AC125603.3,0.030387455066389218,0.030387455066389218,0.05577521226163876,0.05577521226163876
AC067852.2,0.029974387609484773,0.029974387609484773,0.011850173133338677,0.011850173133338677
AC087623.2,-0.029829453269332937,0.029829453269332937,-0.012858200453246389,0.012858200453246389
RFX5-AS1,0.029821438312176245,0.029821438312176245,0.02138971168936011,0.02138971168936011
IL1RN,-0.029800358806404952,0.029800358806404952,0.018999720582296774,0.018999720582296774
DKK3,-0.029717709636261413,0.029717709636261413,0.005702444409621528,0.005702444409621528
AC018521.5,0.029660306239471766,0.029660306239471766,-0.004010366411526529,0.004010366411526529
HEXA,-0.029607125917483396,0.029607125917483396,0.00020445615801598452,0.00020445615801598452
AC145343.1,0.02959261599329834,0.02959261599329834,0.01948141239895463,0.01948141239895463
AP002851.1,0.029431444599713426,0.029431444599713426,-0.019952089496088538,0.019952089496088538
CYB5D2,-0.02939891339173705,0.02939891339173705,-0.007911842584277467,0.007911842584277467
DAZAP2P1,-0.029150405505565434,0.029150405505565434,0.01006711204006508,0.01006711204006508
MAP2K1,0.02911130889176593,0.02911130889176593,0.03697444341830711,0.03697444341830711
OR51E1,-0.02909455283137378,0.02909455283137378,-0.01857149648201334,0.01857149648201334
AC007879.2,0.029081531576338224,0.029081531576338224,-0.0027065124802639457,0.0027065124802639457
PODN,-0.029035128791655887,0.029035128791655887,0.001946329122897875,0.001946329122897875
ASAH2B,0.028986725703910237,0.028986725703910237,0.06384604245957937,0.06384604245957937
SPCS2P4,-0.02875531946590186,0.02875531946590186,-0.0033892040558583737,0.0033892040558583737
NDEL1,0.028752733223035357,0.028752733223035357,0.028873667413307214,0.028873667413307214
UBASH3B,0.028661829201565757,0.028661829201565757,-0.006887339641566039,0.006887339641566039
PCDH8,0.02862440203860893,0.02862440203860893,-0.030916796187123226,0.030916796187123226
PMS2P4,-0.02853399655277852,0.02853399655277852,0.018601586094793166,0.018601586094793166
AC004241.3,-0.02840844479959101,0.02840844479959101,-0.017402306998255318,0.017402306998255318
TENM2,0.028378045827381206,0.028378045827381206,0.017822784692184707,0.017822784692184707
TMEM60,-0.028344706705042078,0.028344706705042078,-0.04508748706413975,0.04508748706413975
TNFAIP1,-0.028338184697951952,0.028338184697951952,0.003868507240986103,0.003868507240986103
NTN4,-0.028320199638319974,0.028320199638319974,0.03661902808794893,0.03661902808794893
MT1F,-0.02824185863340522,0.02824185863340522,-0.034628918934783356,0.034628918934783356
KLHL29,-0.028065023668917118,0.028065023668917118,0.006849478940999292,0.006849478940999292
CATSPER1,0.0279983150547767,0.0279983150547767,0.03708609340756056,0.03708609340756056
HSPA5,0.027898616212901454,0.027898616212901454,-0.005496771327845963,0.005496771327845963
COPRS,-0.027706213834171156,0.027706213834171156,-0.01889403837771226,0.01889403837771226
SIL1,0.02764333731794056,0.02764333731794056,0.008102504026800132,0.008102504026800132
NKX3-1,0.027359496487922668,0.027359496487922668,0.05307089275953007,0.05307089275953007
ASB8,0.027345345012930764,0.027345345012930764,0.051500810194227,0.051500810194227
RNF112,0.027309945584163168,0.027309945584163168,0.011482311680246503,0.011482311680246503
MRPL45P2,-0.027219437771513255,0.027219437771513255,-0.03011777743716498,0.03011777743716498
WNT7B,-0.026947050442905282,0.026947050442905282,-0.04397829494933317,0.04397829494933317
SMIM18,-0.026755770209401817,0.026755770209401817,-0.017173475484559775,0.017173475484559775
MIR6781,-0.02669403537038277,0.02669403537038277,0.03692017993606382,0.03692017993606382
TAF7L,0.026612077092386874,0.026612077092386874,-0.01157279240595154,0.01157279240595154
GRN,-0.026601332798048234,0.026601332798048234,0.010651694142335464,0.010651694142335464
MIR8078,-0.026559783617423893,0.026559783617423893,-0.04763946028801335,0.04763946028801335
AC025171.1,-0.02647579993010749,0.02647579993010749,0.031487360843923735,0.031487360843923735
PUS3,0.02631736509849888,0.02631736509849888,-0.0014977140202355802,0.0014977140202355802
GZMB,0.026289053733890615,0.026289053733890615,-0.004345861655901572,0.004345861655901572
PDE1B,-0.026278293631056413,0.026278293631056413,0.026294377852582988,0.026294377852582988
CD200,0.026268050151366296,0.026268050151366296,0.03257312039163567,0.03257312039163567
MRPL28,0.02614643770623455,0.02614643770623455,0.009702954692772972,0.009702954692772972
COA3,0.0260696903923712,0.0260696903923712,-0.004913813323243592,0.004913813323243592
LINC02440,-0.026031171048952615,0.026031171048952615,0.02926472396050916,0.02926472396050916
BLVRA,0.025938924090828878,0.025938924090828878,-0.019432666259601425,0.019432666259601425
KRR1P1,-0.025927597409225355,0.025927597409225355,-0.003944663824739619,0.003944663824739619
MIR4678,-0.02592026868901283,0.02592026868901283,-0.010234485988907267,0.010234485988907267
TRAPPC1,0.02584925982770802,0.02584925982770802,0.006928871981537111,0.006928871981537111
RNU6-882P,-0.025832818507441565,0.025832818507441565,-0.028952144546931378,0.028952144546931378
VWA5A,0.025798773249341326,0.025798773249341326,-0.04400144443268451,0.04400144443268451
CLTB,0.025775411835416505,0.025775411835416505,0.05188208055472629,0.05188208055472629
CERS5,0.025753872505431565,0.025753872505431565,0.011380287410451974,0.011380287410451974
STAT3,0.025550419728981047,0.025550419728981047,0.027591549781174826,0.027591549781174826
AC011451.4,-0.02547608321639748,0.02547608321639748,-0.0480820209442583,0.0480820209442583
NBEAP2,0.02543499360754436,0.02543499360754436,0.0327906559394409,0.0327906559394409
GCKR,0.02528785494893673,0.02528785494893673,0.018909634103200353,0.018909634103200353
AL355385.1,0.02508647781272481,0.02508647781272481,0.0317956767180749,0.0317956767180749
IGHA2,0.02496254381064395,0.02496254381064395,0.01631295434174081,0.01631295434174081
ZNF844,0.024951419344317036,0.024951419344317036,0.03493689359889048,0.03493689359889048
CCDC43,-0.02473915828670366,0.02473915828670366,-0.018689199576962478,0.018689199576962478
C5orf38,-0.02471732278647856,0.02471732278647856,-0.010252119084463203,0.010252119084463203
ATP1A3,0.024561785453894442,0.024561785453894442,0.010003857042152599,0.010003857042152599
CHGB,0.0245325970236391,0.0245325970236391,0.012883023363176736,0.012883023363176736
AEBP1,-0.024517608257423572,0.024517608257423572,-0.0060845389151609015,0.0060845389151609015
AC067931.1,-0.024516110094578058,0.024516110094578058,0.035512461212814296,0.035512461212814296
AL359092.2,0.02447124962207113,0.02447124962207113,-0.008054466106757042,0.008054466106757042
APOBR,0.02443381765238268,0.02443381765238268,0.03993757042744255,0.03993757042744255
AC091390.1,0.02437139505528171,0.02437139505528171,0.06118501838459825,0.06118501838459825
AP3B2,-0.024367291279432244,0.024367291279432244,0.005125930177293896,0.005125930177293896
AL133343.2,0.024332100448974183,0.024332100448974183,0.009151696880064704,0.009151696880064704
PTRH2,-0.024236240284386874,0.024236240284386874,-0.018485206974113978,0.018485206974113978
AC016546.1,0.024114145109985115,0.024114145109985115,-0.04315650995354832,0.04315650995354832
ZNF267,-0.02409111731415124,0.02409111731415124,-0.033161765272441565,0.033161765272441565
FAM86C1P,0.0240364792851076,0.0240364792851076,-0.008258662240084952,0.008258662240084952
PTP4A2,0.023993072557972644,0.023993072557972644,0.02131594810300628,0.02131594810300628
ZDHHC23,-0.023982115425479244,0.023982115425479244,-0.02136021019017495,0.02136021019017495
RPS3AP18,-0.023943960697559236,0.023943960697559236,0.007579523627350408,0.007579523627350408
PRDX2P1,-0.023935952492996425,0.023935952492996425,-0.0325692427680284,0.0325692427680284
BET1-AS1,0.023908174382050968,0.023908174382050968,0.009783227541803255,0.009783227541803255
EXO5,0.023874524882717366,0.023874524882717366,0.02022496173594486,0.02022496173594486
AC116337.2,0.023864078461738533,0.023864078461738533,0.014997796832598156,0.014997796832598156
AL162377.1,-0.02381108858155417,0.02381108858155417,0.052397020177590056,0.052397020177590056
MXRA8,0.023765318458134697,0.023765318458134697,0.0473628261111468,0.0473628261111468
GPD1L,0.02370958490975334,0.02370958490975334,-0.005838453770899284,0.005838453770899284
TMED9,0.023659072819218384,0.023659072819218384,0.016608734133735814,0.016608734133735814
EFCAB10,-0.02360261927735871,0.02360261927735871,-0.053452095076190094,0.053452095076190094
HUS1,0.023590612279148052,0.023590612279148052,-0.018777938569108088,0.018777938569108088
AC137561.1,-0.023483899249081376,0.023483899249081376,0.04311842048469194,0.04311842048469194
RPL34P34,0.023407227617696518,0.023407227617696518,0.010533111335789588,0.010533111335789588
PTTG1,-0.02313431175903858,0.02313431175903858,-0.02136000727958213,0.02136000727958213
AC007448.5,0.023125165779768808,0.023125165779768808,0.021168479207153968,0.021168479207153968
GPR89A,0.022758781966283285,0.022758781966283285,0.028480278514021566,0.028480278514021566
HSPB9,0.02270697006362236,0.02270697006362236,0.012779800934714536,0.012779800934714536
NUBP1,0.0226410840669446,0.0226410840669446,0.013084891579548867,0.013084891579548867
SLC40A1,0.02249927660842999,0.02249927660842999,0.05255894084030668,0.05255894084030668
SCRT1,0.02248080286131505,0.02248080286131505,0.022344305285112994,0.022344305285112994
AC006466.1,0.022226101381513996,0.022226101381513996,-0.006752360924514208,0.006752360924514208
PEA15,-0.02195477825639558,0.02195477825639558,0.0018047971986851288,0.0018047971986851288
ALG1L2,0.02193678346544116,0.02193678346544116,-0.03078926631712869,0.03078926631712869
ROM1,0.021933829359069477,0.021933829359069477,-0.0015262554056657814,0.0015262554056657814
GALE,0.021897325589964333,0.021897325589964333,0.021895718094459733,0.021895718094459733
HSPB1,0.02180457200223637,0.02180457200223637,-0.013780318209255694,0.013780318209255694
AC145285.6,-0.021770278802856275,0.021770278802856275,0.031474021221404705,0.031474021221404705
SNRNP35,0.02153737992408314,0.02153737992408314,-0.005861495950968475,0.005861495950968475
MSC,0.02151344583890256,0.02151344583890256,0.00935285197695585,0.00935285197695585
ARPC3P4,-0.021440983559463726,0.021440983559463726,-0.023800781018196496,0.023800781018196496
DTX4,0.021327434608966543,0.021327434608966543,0.08255295440671344,0.08255295440671344
SIGLEC14,0.02128804937823721,0.02128804937823721,0.06645473544470008,0.06645473544470008
STEAP3,-0.021263570085875688,0.021263570085875688,-0.019613169516485444,0.019613169516485444
LOXL1-AS1,0.021259308337397826,0.021259308337397826,-0.0031566438439701817,0.0031566438439701817
RCOR3,0.021194107411831063,0.021194107411831063,0.013539081379550292,0.013539081379550292
FBXO8,-0.021188080454209515,0.021188080454209515,0.003005122353179812,0.003005122353179812
RPL10P5,0.021075776708687734,0.021075776708687734,0.040133253390020364,0.040133253390020364
RPS3AP13,0.02101054727417764,0.02101054727417764,-0.05803753060714193,0.05803753060714193
PSMB3,0.02094537217488893,0.02094537217488893,-0.001965892193235881,0.001965892193235881
VMP1,0.020889847503279366,0.020889847503279366,-0.0007182710262979045,0.0007182710262979045
AL603839.2,0.020866135678218597,0.020866135678218597,0.019249603743197403,0.019249603743197403
AL606748.1,0.02067769096083574,0.02067769096083574,-0.018082680191137616,0.018082680191137616
MIR221,0.020647400706185422,0.020647400706185422,0.017143070706217237,0.017143070706217237
LINC01943,-0.020636500226458826,0.020636500226458826,0.0036954443787111024,0.0036954443787111024
RABGEF1,0.02062138583334397,0.02062138583334397,0.006139461501164049,0.006139461501164049
RGS3,-0.020609715400244876,0.020609715400244876,0.04380318666686181,0.04380318666686181
GUCY1B1,-0.020538854072255794,0.020538854072255794,-0.008782382657810093,0.008782382657810093
SHOX2,-0.020456431812786273,0.020456431812786273,0.010346476873004253,0.010346476873004253
GPR1,0.020411281313544947,0.020411281313544947,0.03549443005475586,0.03549443005475586
SMOC1,-0.02040442910274724,0.02040442910274724,0.03825617075818067,0.03825617075818067
RNU6-611P,0.020374333449710017,0.020374333449710017,0.01913941598922701,0.01913941598922701
SLC44A3-AS1,0.020328728155953418,0.020328728155953418,0.026393497301786417,0.026393497301786417
GNA12,0.020291664821158475,0.020291664821158475,-0.010185640033146705,0.010185640033146705
MIR22HG,-0.020221775163987692,0.020221775163987692,0.005736974288851773,0.005736974288851773
SNORC,0.020001633348368096,0.020001633348368096,-0.03239708351194814,0.03239708351194814
PFDN2,0.019819109714956547,0.019819109714956547,0.01734929531846609,0.01734929531846609
RNU6-1085P,-0.019805980885302676,0.019805980885302676,0.018219695823844938,0.018219695823844938
ARR3,0.019747403732288622,0.019747403732288622,-0.008623198001137066,0.008623198001137066
AC023509.3,0.01968660662340278,0.01968660662340278,0.0646818101796536,0.0646818101796536
NACA,-0.019681592201994034,0.019681592201994034,0.010090475604195362,0.010090475604195362
NINJ1,0.0196579565239855,0.0196579565239855,0.029872174374034544,0.029872174374034544
COX17,0.019501833747294427,0.019501833747294427,0.003970477702399048,0.003970477702399048
PLN,0.01948366781482076,0.01948366781482076,-0.00034025128350997637,0.00034025128350997637
ERP29,-0.019467674398055152,0.019467674398055152,0.0025773186704643094,0.0025773186704643094
NRXN2,0.01940784007067135,0.01940784007067135,0.03924952597984186,0.03924952597984186
ACOT7,-0.019345358896874384,0.019345358896874384,0.016283994032986478,0.016283994032986478
WSB2,0.019301347369661045,0.019301347369661045,0.02275380546000605,0.02275380546000605
TWIST1,0.019253927199179288,0.019253927199179288,-0.018851739845430412,0.018851739845430412
TSGA10,-0.019133180619571182,0.019133180619571182,-0.004887415939823996,0.004887415939823996
TMEM9B,-0.019095420057477535,0.019095420057477535,-0.020026196387149087,0.020026196387149087
AC139769.1,-0.01904981944777643,0.01904981944777643,0.013875964275184999,0.013875964275184999
KCNC1,-0.019046968268803442,0.019046968268803442,-0.0015368692469553023,0.0015368692469553023
MT-TL1,-0.019024787364816068,0.019024787364816068,0.03875631672076297,0.03875631672076297
TMEM38A,-0.018855034003439977,0.018855034003439977,-0.0058155572382425896,0.0058155572382425896
AC126474.1,0.018818774290404395,0.018818774290404395,0.019330289907261933,0.019330289907261933
STARD7-AS1,0.01881103075351893,0.01881103075351893,0.025544429368356797,0.025544429368356797
SPCS2,-0.018688191229278735,0.018688191229278735,-0.01003904187389243,0.01003904187389243
HBEGF,0.01864983723738711,0.01864983723738711,0.012974570589639389,0.012974570589639389
IQCN,-0.01851035208949109,0.01851035208949109,0.05604054717271509,0.05604054717271509
RNASET2,0.01847566694975753,0.01847566694975753,0.022461975195238373,0.022461975195238373
EPHB2,-0.01841724953881021,0.01841724953881021,0.011706814285156056,0.011706814285156056
LARP6,-0.01839456874367753,0.01839456874367753,0.02724025890728739,0.02724025890728739
AL590062.1,0.01827487790234843,0.01827487790234843,0.05744727226546987,0.05744727226546987
SULF1,0.018151287206451705,0.018151287206451705,-0.003923824756162391,0.003923824756162391
ADAMTS14,0.01800058435974109,0.01800058435974109,0.02264550551911834,0.02264550551911834
EIF1,0.01791167343940078,0.01791167343940078,0.052249439290059804,0.052249439290059804
PRKAR2B,-0.01789917830664173,0.01789917830664173,-0.022763053640832913,0.022763053640832913
NUDCD2,-0.01779579101916033,0.01779579101916033,-0.0021254021606520617,0.0021254021606520617
EXT2,0.017793484181123476,0.017793484181123476,-0.004837835775064993,0.004837835775064993
GPR89B,0.017770135315220644,0.017770135315220644,0.026713497131066077,0.026713497131066077
ZNHIT3,-0.017702184325741093,0.017702184325741093,0.003197720681830384,0.003197720681830384
ZSCAN5A,0.0176591974266801,0.0176591974266801,-0.007675017748172205,0.007675017748172205
FCRLA,-0.01761125772913042,0.01761125772913042,-0.010969039286782653,0.010969039286782653
CORO1C,-0.01753713680828067,0.01753713680828067,0.003512398538739136,0.003512398538739136
MIEF2,-0.017364662159918425,0.017364662159918425,-0.0008944547378434461,0.0008944547378434461
AC005682.1,0.01721391415437112,0.01721391415437112,0.0017668086006426278,0.0017668086006426278
PLEKHO2,-0.017199567589034456,0.017199567589034456,0.01663000933676459,0.01663000933676459
PTX3,0.017104284818940434,0.017104284818940434,-0.003391746243808743,0.003391746243808743
RWDD2B,-0.01709493225712969,0.01709493225712969,0.03230891259883434,0.03230891259883434
NETO1,-0.01702581341526197,0.01702581341526197,-0.028061724742481378,0.028061724742481378
SNRPEP2,0.017009190210347823,0.017009190210347823,6.471693503463626e-05,6.471693503463626e-05
CLEC18A,0.01700883251779912,0.01700883251779912,0.019689276642093568,0.019689276642093568
BASP1,0.016865486022668855,0.016865486022668855,0.030957905741997794,0.030957905741997794
IGFBP6,0.016834660167821126,0.016834660167821126,-0.035938919370184626,0.035938919370184626
AC004069.1,0.016832218619394726,0.016832218619394726,0.01583654974985741,0.01583654974985741
CSRNP2,0.016751304826636206,0.016751304826636206,0.02161525757160744,0.02161525757160744
ADAM23,-0.016750662172468008,0.016750662172468008,-0.004999911869375316,0.004999911869375316
B3GAT3,0.016735156101851095,0.016735156101851095,0.021966717699152895,0.021966717699152895
AC026748.7,0.0166999886212182,0.0166999886212182,0.001380938081737783,0.001380938081737783
CNIH3-AS1,0.016699832518979357,0.016699832518979357,-0.006136968775741218,0.006136968775741218
MIR6804,-0.016685259756727952,0.016685259756727952,-0.03451964035875684,0.03451964035875684
PTMAP4,-0.0166546003245908,0.0166546003245908,-0.03928761891724015,0.03928761891724015
SNORD114-3,0.01660963225351685,0.01660963225351685,0.004881340626901782,0.004881340626901782
SCN3B,0.016606346079619912,0.016606346079619912,0.041866140662014724,0.041866140662014724
LINC02308,-0.016202641019731075,0.016202641019731075,0.03988550098678973,0.03988550098678973
PI4K2A,-0.01614415093040689,0.01614415093040689,0.014820109566658315,0.014820109566658315
KIAA1191,0.016072822627541884,0.016072822627541884,0.027050879906936744,0.027050879906936744
CHST2,0.016004947227935135,0.016004947227935135,-0.01629835980715532,0.01629835980715532
PPP1R17,-0.015850126327702694,0.015850126327702694,-0.051149150490499035,0.051149150490499035
PRPH,0.015731562518206104,0.015731562518206104,0.05046269606381086,0.05046269606381086
MTATP8P1,0.01569413031211565,0.01569413031211565,-0.0023688773568044256,0.0023688773568044256
ETNK2,0.01564321140051249,0.01564321140051249,0.014090304384149547,0.014090304384149547
GFAP,-0.015532338975058837,0.015532338975058837,0.012560407944890467,0.012560407944890467
POM121L9P,-0.015379297052430524,0.015379297052430524,-0.02873304451438508,0.02873304451438508
PBX3,0.015358906172340982,0.015358906172340982,0.03487110977492243,0.03487110977492243
AC073263.1,0.015347067661553969,0.015347067661553969,0.005097400891814933,0.005097400891814933
FKBP1B,0.015242605010190893,0.015242605010190893,0.0016852430087200983,0.0016852430087200983
SLC25A39,-0.015200542903521236,0.015200542903521236,0.004448626903030932,0.004448626903030932
AL133338.2,0.015120424675544442,0.015120424675544442,-0.0555843513469716,0.0555843513469716
PFN1,-0.015044644823982956,0.015044644823982956,-0.011654651727639298,0.011654651727639298
B4GAT1,-0.015044570348852024,0.015044570348852024,0.0022205095697167584,0.0022205095697167584
C1QTNF6,0.01501661789319324,0.01501661789319324,-0.005423522285975264,0.005423522285975264
ARRDC4,-0.015007345109831285,0.015007345109831285,0.05546238060216334,0.05546238060216334
S100A11,-0.014974162537207807,0.014974162537207807,0.0011955167446156764,0.0011955167446156764
HOXD8,0.014919717193159083,0.014919717193159083,0.04227533689447103,0.04227533689447103
C8orf33,-0.014848762868372506,0.014848762868372506,-0.016223723343171525,0.016223723343171525
AC087627.1,-0.014829808025904001,0.014829808025904001,0.004845348885813564,0.004845348885813564
THY1,0.014813809849143586,0.014813809849143586,0.0028754512888627044,0.0028754512888627044
AC068057.2,0.014732228003937435,0.014732228003937435,0.016581158964018936,0.016581158964018936
LSP1,0.014668671873025854,0.014668671873025854,0.0404252139029958,0.0404252139029958
AP000553.3,-0.014665788182450377,0.014665788182450377,0.0034147007310113193,0.0034147007310113193
ZNF581,-0.014535414932737517,0.014535414932737517,-0.02756581668866839,0.02756581668866839
FOSL2,0.014522088134725,0.014522088134725,0.020985038220085676,0.020985038220085676
CD276,0.01445510065457799,0.01445510065457799,0.023735785960384066,0.023735785960384066
AC131009.1,0.014427004346726493,0.014427004346726493,-0.027485661220384427,0.027485661220384427
LITAF,0.014411174906455907,0.014411174906455907,-0.006174838822051639,0.006174838822051639
APLP2,0.014175979730154015,0.014175979730154015,0.013133695152789698,0.013133695152789698
NAT1,-0.014090166077437061,0.014090166077437061,-0.03368217122585336,0.03368217122585336
CRK,0.01399403163565482,0.01399403163565482,-0.009433860498509784,0.009433860498509784
AP000553.6,-0.013916532934585668,0.013916532934585668,-0.025521715231571124,0.025521715231571124
CACNG5,0.01379237809215455,0.01379237809215455,0.013800201216677061,0.013800201216677061
CHPF,-0.013746042331146492,0.013746042331146492,-0.04474089056404772,0.04474089056404772
CTSB,-0.01371364954828538,0.01371364954828538,-0.003930314579871757,0.003930314579871757
SLC6A6,-0.013712349901974313,0.013712349901974313,-0.014105480955857876,0.014105480955857876
CCL3L3,0.012924221935408235,0.012924221935408235,0.07215560310634346,0.07215560310634346
BTBD10,0.012800527025829924,0.012800527025829924,-0.020837362517030285,0.020837362517030285
ASLP1,-0.012725371681467519,0.012725371681467519,0.021796899157432673,0.021796899157432673
DRP2,-0.01270456722337585,0.01270456722337585,0.044601340511294794,0.044601340511294794
TUSC3,-0.012565362987938635,0.012565362987938635,-0.002446213768402071,0.002446213768402071
ATP1B3,0.012363674413906643,0.012363674413906643,-0.006768209987302566,0.006768209987302566
SH2D5,0.012278045002678751,0.012278045002678751,0.002856181608959037,0.002856181608959037
GOLM1,-0.012256427031540836,0.012256427031540836,0.005234402538817124,0.005234402538817124
SPAG7,-0.012245672518202822,0.012245672518202822,-0.022111880857899804,0.022111880857899804
LRRFIP1,0.01215795562241439,0.01215795562241439,0.0020808714607615923,0.0020808714607615923
TSR3,-0.012133870356266657,0.012133870356266657,-0.015011561665366987,0.015011561665366987
NDFIP1,-0.01212475621659343,0.01212475621659343,-0.030961882115745874,0.030961882115745874
SOX21,-0.012034657904247108,0.012034657904247108,-0.04884631795268962,0.04884631795268962
AP000254.1,0.011882182157115397,0.011882182157115397,0.008556829821768875,0.008556829821768875
HYLS1,-0.011738451579210536,0.011738451579210536,-0.021380469928826782,0.021380469928826782
ARF3,-0.011721918657445943,0.011721918657445943,0.04216344183981437,0.04216344183981437
RNA5SP490,-0.01171010955898156,0.01171010955898156,0.037283968347559975,0.037283968347559975
PFN2,0.011688063631854118,0.011688063631854118,-0.010648862941229067,0.010648862941229067
POLR1E,0.011667500119785608,0.011667500119785608,-0.016709192105559767,0.016709192105559767
AC011247.1,-0.01156212917245183,0.01156212917245183,0.0362858490612877,0.0362858490612877
C1QTNF12,-0.011517909208686918,0.011517909208686918,-0.015165767532722016,0.015165767532722016
MIF4GD,0.011385542409110919,0.011385542409110919,0.022546876125262422,0.022546876125262422
DUS4L-BCAP29,0.011347959880119234,0.011347959880119234,0.02194636610162238,0.02194636610162238
AL353705.3,0.011261259876007323,0.011261259876007323,-0.0396789647702817,0.0396789647702817
ZFP36,0.011239451504691704,0.011239451504691704,0.03168590749093662,0.03168590749093662
SCARB1,-0.011207769243553977,0.011207769243553977,0.02118205435177162,0.02118205435177162
EN2,0.011188060737590202,0.011188060737590202,0.05158751722128281,0.05158751722128281
GTF2H1,0.011185693600763887,0.011185693600763887,-0.0020825192184577377,0.0020825192184577377
PENK,-0.010902651152657521,0.010902651152657521,-0.005011651292694166,0.005011651292694166
G6PC3,-0.010872910642266628,0.010872910642266628,-0.0019080068675379495,0.0019080068675379495
ARL6IP1,0.010819531148863354,0.010819531148863354,-0.021072504864245008,0.021072504864245008
RNF182,-0.010818167735154307,0.010818167735154307,-0.042001389366563585,0.042001389366563585
CCL7,-0.010793766979120238,0.010793766979120238,-0.013127589897830734,0.013127589897830734
LINC01503,-0.010761421108249288,0.010761421108249288,-0.01677212453964205,0.01677212453964205
IRF6,-0.010605671712680838,0.010605671712680838,0.027675945486358537,0.027675945486358537
MED11,0.01060517397929991,0.01060517397929991,-0.008948999589403895,0.008948999589403895
LINC01563,0.010521562660155503,0.010521562660155503,0.027324602562200775,0.027324602562200775
PRR13,0.010518278375845817,0.010518278375845817,0.03873652424290981,0.03873652424290981
PANX1,-0.010505873942070277,0.010505873942070277,0.008935441559005095,0.008935441559005095
IL6ST,0.010501425633799365,0.010501425633799365,-0.022674599924657958,0.022674599924657958
GRP,-0.010491018241555228,0.010491018241555228,0.03328939278741402,0.03328939278741402
NTNG1,0.010454254929138018,0.010454254929138018,0.01722325872491987,0.01722325872491987
AC126773.4,-0.010405404074493398,0.010405404074493398,-0.017669987790101982,0.017669987790101982
RND1,0.010358009698282688,0.010358009698282688,0.026815767862914487,0.026815767862914487
FICD,0.010345168028139291,0.010345168028139291,0.023465875115941125,0.023465875115941125
ATP13A4,-0.010333604838187075,0.010333604838187075,-0.015081197967380281,0.015081197967380281
SUSD1,0.010264009668697284,0.010264009668697284,0.03132246042136128,0.03132246042136128
FAM86HP,-0.010185134767254458,0.010185134767254458,0.009007840539753655,0.009007840539753655
PIGP,0.010120317827560966,0.010120317827560966,0.05026366434798141,0.05026366434798141
H2AW,0.010061152054332655,0.010061152054332655,0.007729285127207987,0.007729285127207987
SCRT2,0.010038958056526055,0.010038958056526055,0.020816348049241613,0.020816348049241613
AL021937.4,0.009978786570651845,0.009978786570651845,0.029936699855252328,0.029936699855252328
BX322639.1,-0.009892804417942564,0.009892804417942564,0.057657797667819664,0.057657797667819664
CWC15,-0.009887005299084138,0.009887005299084138,-0.009795138154851385,0.009795138154851385
CADM3,-0.009772010584715652,0.009772010584715652,0.026780564261954683,0.026780564261954683
RPL26L1,-0.009734351849752238,0.009734351849752238,-0.03808401995266808,0.03808401995266808
ZSWIM7,-0.00971893838443151,0.00971893838443151,0.02690946772883716,0.02690946772883716
CRTAC1,-0.00971519691802586,0.00971519691802586,0.013109464094901152,0.013109464094901152
SLC44A3,-0.009711567168401493,0.009711567168401493,0.03159162416001265,0.03159162416001265
NXPH4,-0.009663345678621947,0.009663345678621947,0.01253108669428218,0.01253108669428218
HMGB3P24,0.009498431187017294,0.009498431187017294,0.002931393644195366,0.002931393644195366
AC105942.1,0.009494849731923721,0.009494849731923721,0.0062379719263149416,0.0062379719263149416
AC010654.1,0.00930264357353376,0.00930264357353376,0.04381364199784836,0.04381364199784836
MED7,0.009284012040737824,0.009284012040737824,0.0019705857863593725,0.0019705857863593725
AL354872.1,0.009149306804408107,0.009149306804408107,-0.0205894096643532,0.0205894096643532
KCNN4,-0.009140469244906156,0.009140469244906156,0.03460536318193693,0.03460536318193693
PPP2CA,0.009100356791861199,0.009100356791861199,-0.00559067024588581,0.00559067024588581
CCN1,-0.00909791083614645,0.00909791083614645,0.01911612825574005,0.01911612825574005
LINC01184,-0.009078944569239349,0.009078944569239349,-0.014446759865874893,0.014446759865874893
C5orf67,0.009042315291437685,0.009042315291437685,0.016191304415696495,0.016191304415696495
AP000873.4,0.009029992892976173,0.009029992892976173,-0.010056409164593822,0.010056409164593822
AL008721.2,-0.008932679734015476,0.008932679734015476,-0.0025899278711640082,0.0025899278711640082
AC093458.2,0.008910642456566656,0.008910642456566656,-0.008553965942935721,0.008553965942935721
PTMAP8,-0.008899925147802534,0.008899925147802534,-0.0002149697088898539,0.0002149697088898539
RPP25,-0.008820790315550976,0.008820790315550976,0.015549644995341018,0.015549644995341018
RTN3,0.008794360846126835,0.008794360846126835,0.026225989935067376,0.026225989935067376
SLC9A7,-0.008747418174727514,0.008747418174727514,0.011861523604051861,0.011861523604051861
RNU6-1099P,-0.008663027694672898,0.008663027694672898,0.002946677487301431,0.002946677487301431
AL590787.1,-0.008655703079161328,0.008655703079161328,0.04021614760247652,0.04021614760247652
NAT16,-0.008644646662898188,0.008644646662898188,0.0017698957092461061,0.0017698957092461061
NRG1,0.008581308363951441,0.008581308363951441,0.005054413070561643,0.005054413070561643
PPIAP44,-0.008578838275586708,0.008578838275586708,-0.01695521938765248,0.01695521938765248
AC016876.1,0.008379753197898005,0.008379753197898005,-0.018570095802085382,0.018570095802085382
TUBB2A,-0.00837224562951204,0.00837224562951204,0.009750691620533257,0.009750691620533257
RAD51D,0.008305132048514931,0.008305132048514931,0.02494597904476934,0.02494597904476934
ARHGAP6,-0.008036009075510456,0.008036009075510456,0.022054030433604616,0.022054030433604616
FN3KRP,0.008008233087403347,0.008008233087403347,0.043337685444584786,0.043337685444584786
ERLIN2,-0.007990289207728526,0.007990289207728526,-0.042832382882619376,0.042832382882619376
TMEM132C,-0.00797957788644349,0.00797957788644349,-0.015671322289470657,0.015671322289470657
IL4I1,0.00796673163068597,0.00796673163068597,0.028575665604478936,0.028575665604478936
ATP13A4-AS1,-0.007949465508799077,0.007949465508799077,0.012228651586509515,0.012228651586509515
GPRIN1,-0.007934972117490304,0.007934972117490304,-0.012897471170809239,0.012897471170809239
TMPRSS9,-0.007886003487317307,0.007886003487317307,-0.03039339297809851,0.03039339297809851
MXRA5,-0.007872722472791452,0.007872722472791452,0.022294386515470853,0.022294386515470853
FNDC4,-0.0077187915419067036,0.0077187915419067036,-0.020462092910440034,0.020462092910440034
HARBI1,0.007697102818426794,0.007697102818426794,-0.008447318029439281,0.008447318029439281
IL1B,-0.007660563253482238,0.007660563253482238,0.02593584708158115,0.02593584708158115
FAHD1,-0.007585232738407601,0.007585232738407601,-0.059356262537062526,0.059356262537062526
MIR1285-1,-0.007573362878902066,0.007573362878902066,-0.010318112128508642,0.010318112128508642
PSMB6,-0.007551470425621199,0.007551470425621199,-0.020514424394424264,0.020514424394424264
MSC-AS1,0.007502063429883354,0.007502063429883354,0.020531944287087055,0.020531944287087055
HPCAL1,0.007389624464925234,0.007389624464925234,0.04139135288343048,0.04139135288343048
GRIA1,-0.007336057153966183,0.007336057153966183,-0.08333583362683984,0.08333583362683984
YWHAH,-0.00708561709613554,0.00708561709613554,0.01415458464031378,0.01415458464031378
AC026471.6,0.007074691828408811,0.007074691828408811,-0.002025963976019971,0.002025963976019971
ARPC2,0.0070022458100540835,0.0070022458100540835,0.02031911825673861,0.02031911825673861
C1QL4,-0.006962362299064384,0.006962362299064384,0.04309718906434442,0.04309718906434442
ORMDL3,-0.006944588834749655,0.006944588834749655,0.048218571195202294,0.048218571195202294
FAM241A,0.006869169607386921,0.006869169607386921,0.043740757547620544,0.043740757547620544
AC100810.7,-0.006861210759136463,0.006861210759136463,0.001247156646858155,0.001247156646858155
GRHPR,-0.006789818011011378,0.006789818011011378,-0.012176394904217356,0.012176394904217356
BLOC1S4,0.006750304221567499,0.006750304221567499,-0.012204858183291162,0.012204858183291162
YRDC,0.00672732490598115,0.00672732490598115,0.01501046295999509,0.01501046295999509
TXNDC11,-0.006662978079348301,0.006662978079348301,-9.481736713971235e-05,9.481736713971235e-05
CYTIP,-0.006633086016146589,0.006633086016146589,0.03628176273032138,0.03628176273032138
BAG3,-0.006432403233177053,0.006432403233177053,0.014344013624553877,0.014344013624553877
UCHL3,0.006380843173564405,0.006380843173564405,-0.0032155797275490523,0.0032155797275490523
TMBIM6,0.0062793699556877546,0.0062793699556877546,0.009699905912972477,0.009699905912972477
TRBJ2-3,0.006260378244960523,0.006260378244960523,0.010114513350813084,0.010114513350813084
RETN,0.006224754256325642,0.006224754256325642,0.008284228275955544,0.008284228275955544
PNPLA3,0.006217124151384784,0.006217124151384784,-0.05321160083943542,0.05321160083943542
CYGB,0.0061573898463210515,0.0061573898463210515,0.03605882633267409,0.03605882633267409
QARS1,-0.006117503088410761,0.006117503088410761,-0.04759257731565816,0.04759257731565816
AC010973.2,-0.006102064024961525,0.006102064024961525,0.0018786413953058327,0.0018786413953058327
TKTL1,-0.006068657768962356,0.006068657768962356,0.018468330146030987,0.018468330146030987
SPHK1,0.006034877287533095,0.006034877287533095,-0.006264373807680571,0.006264373807680571
CD1D,0.005881209200104009,0.005881209200104009,0.009790557157806403,0.009790557157806403
GULP1,0.005824590707540138,0.005824590707540138,0.03238208020964023,0.03238208020964023
CTDNEP1,0.005812693397071954,0.005812693397071954,0.010924473249270362,0.010924473249270362
ASB16-AS1,-0.00572618668615418,0.00572618668615418,0.02657551778752327,0.02657551778752327
IGFBP4,-0.005629771169346975,0.005629771169346975,-0.008054189089783377,0.008054189089783377
ENTPD3-AS1,-0.005498019167866131,0.005498019167866131,-0.012650028617551306,0.012650028617551306
FAM234A,-0.0054281814109948265,0.0054281814109948265,0.015009952659721916,0.015009952659721916
GLOD4,0.00538036752877919,0.00538036752877919,-0.01698797242942768,0.01698797242942768
AC107021.2,0.005368488762228178,0.005368488762228178,0.00510835951169974,0.00510835951169974
SNRPF,0.005337974735624273,0.005337974735624273,0.004277572918707029,0.004277572918707029
CXorf56,0.0053289135698726215,0.0053289135698726215,0.006766761420513868,0.006766761420513868
OLFM1,-0.005245677009585317,0.005245677009585317,-0.0304305323066367,0.0304305323066367
ANKH,-0.0051763065690036,0.0051763065690036,0.025163004600316403,0.025163004600316403
AC016582.3,-0.00516872647118279,0.00516872647118279,0.010497740720782925,0.010497740720782925
TGM2,0.005024170468206758,0.005024170468206758,8.669684263903181e-06,8.669684263903181e-06
STX12,0.0049658910747738625,0.0049658910747738625,0.033481373031927136,0.033481373031927136
MICAL2,0.00496421296506923,0.00496421296506923,0.024889456164230148,0.024889456164230148
PFDN1,0.004957436465349567,0.004957436465349567,0.005649147174984066,0.005649147174984066
KRT10,-0.004904939595020178,0.004904939595020178,0.007686100308470132,0.007686100308470132
KCTD11,0.004846349756885205,0.004846349756885205,0.02242191463920777,0.02242191463920777
CISD2,-0.004512029568067736,0.004512029568067736,0.002361954218968657,0.002361954218968657
AC011005.4,0.0044325250589949735,0.0044325250589949735,-0.020181591512777236,0.020181591512777236
FAM110D,-0.004328295011809078,0.004328295011809078,0.010470523445824421,0.010470523445824421
AC068888.1,-0.004327450080129707,0.004327450080129707,0.039456515889537906,0.039456515889537906
FAM110C,-0.004309864058632358,0.004309864058632358,0.016591699693190257,0.016591699693190257
PLEK2,-0.004045620389978356,0.004045620389978356,0.06281135166510039,0.06281135166510039
COPZ1,0.004027975790555127,0.004027975790555127,0.0071310558486661945,0.0071310558486661945
RNU1-153P,-0.004009207860717447,0.004009207860717447,0.02582913910732519,0.02582913910732519
IGHA1,0.003995689940170031,0.003995689940170031,0.01616875979793949,0.01616875979793949
PTGES3P1,0.003960056638458755,0.003960056638458755,0.02575225949816357,0.02575225949816357
CCL2,0.003916474698102379,0.003916474698102379,0.01437019687579062,0.01437019687579062
ZC3H10,0.003891028951389354,0.003891028951389354,0.046401496396384224,0.046401496396384224
AP000553.5,0.003829238263567092,0.003829238263567092,-0.027245608505317487,0.027245608505317487
RN7SL364P,-0.0038252525832191634,0.0038252525832191634,-0.07487819135146709,0.07487819135146709
HOXC11,0.003488688229573134,0.003488688229573134,0.06337756228592764,0.06337756228592764
CACNB2,-0.003422336351610657,0.003422336351610657,-0.029418734115275694,0.029418734115275694
STC1,-0.0034108607212413725,0.0034108607212413725,-0.0059977910084179735,0.0059977910084179735
KCTD5,0.0033664509917636365,0.0033664509917636365,0.007719127841803168,0.007719127841803168
TUBA1C,-0.0032197172447182313,0.0032197172447182313,0.011202594125000463,0.011202594125000463
CNPY3,0.0031677390375690877,0.0031677390375690877,0.03518317354815992,0.03518317354815992
NOL7,-0.003159707806343066,0.003159707806343066,0.02214611777714613,0.02214611777714613
GADD45B,-0.0031391536764249412,0.0031391536764249412,-0.019559646049396077,0.019559646049396077
NRXN2-AS1,-0.0031091712121797547,0.0031091712121797547,0.024650140257713476,0.024650140257713476
NSG2,-0.0030115214430180624,0.0030115214430180624,-0.007291393701420036,0.007291393701420036
ADAMTS16,0.0030109003376528483,0.0030109003376528483,0.006185809762973661,0.006185809762973661
BICDL1,-0.002998262102655034,0.002998262102655034,0.02063988335045955,0.02063988335045955
UBXN1,-0.0029677211553448854,0.0029677211553448854,0.005761494592203255,0.005761494592203255
EEF1A1P30,0.002929011471085441,0.002929011471085441,-0.026833998343850234,0.026833998343850234
GRPEL1,0.0028928118684225733,0.0028928118684225733,0.006676002307093432,0.006676002307093432
TCEAL6,-0.002794537073886389,0.002794537073886389,0.04678914010993636,0.04678914010993636
VKORC1,0.002791015163279247,0.002791015163279247,-0.011332069476620715,0.011332069476620715
EIF4A1P2,0.0027638808800391234,0.0027638808800391234,-0.010046563176395065,0.010046563176395065
TFAP2A,0.0026416999326859696,0.0026416999326859696,0.02753039067656758,0.02753039067656758
TNFSF9,0.0024995680882904264,0.0024995680882904264,0.008514295627745149,0.008514295627745149
TREML3P,-0.0024909123975196106,0.0024909123975196106,0.0135458126941843,0.0135458126941843
LDHC,-0.002469762580361486,0.002469762580361486,-0.048217532041011577,0.048217532041011577
MPDU1,0.0024695962183738066,0.0024695962183738066,-0.011781340260287954,0.011781340260287954
FGR,0.0024666112607282086,0.0024666112607282086,0.05010140362770239,0.05010140362770239
CPPED1,-0.0024056770665434185,0.0024056770665434185,0.002948872124666589,0.002948872124666589
MMD,0.002255409867029021,0.002255409867029021,0.02690495796800504,0.02690495796800504
TUBG1,-0.002222966113603271,0.002222966113603271,0.017648325874879977,0.017648325874879977
TSPAN4,0.0021242487180760344,0.0021242487180760344,0.02876325518911749,0.02876325518911749
PLCG1,0.00203483175590904,0.00203483175590904,0.006763351870977082,0.006763351870977082
L3MBTL3,-0.0019865157054074134,0.0019865157054074134,-0.0028854691559918877,0.0028854691559918877
XRCC4,0.001970173953153781,0.001970173953153781,-0.031000866812356895,0.031000866812356895
OSBPL5,-0.0019409981581849697,0.0019409981581849697,1.0041756926888475e-05,1.0041756926888475e-05
MEA1,0.0018534382801072588,0.0018534382801072588,0.01563246076727735,0.01563246076727735
TCAF2,0.0017427404756953859,0.0017427404756953859,-0.02860540284406368,0.02860540284406368
ZFYVE28,0.0017192902654172588,0.0017192902654172588,0.01242467080322469,0.01242467080322469
STX17,-0.0016250046094546697,0.0016250046094546697,-0.00140694958914165,0.00140694958914165
AQP9,-0.0015882463361255891,0.0015882463361255891,0.012007057475139972,0.012007057475139972
ORMDL2,-0.0014157584233707966,0.0014157584233707966,0.001428347467635193,0.001428347467635193
COL25A1,0.0013873967498696672,0.0013873967498696672,0.013851813944184688,0.013851813944184688
EMP2,0.001308504440820985,0.001308504440820985,-0.00809237685762186,0.00809237685762186
NT5DC3,0.0012390088811655136,0.0012390088811655136,0.008437189182693346,0.008437189182693346
CRIM1-DT,-0.0012186477072134241,0.0012186477072134241,-0.02915496400738513,0.02915496400738513
PRKX,0.0011961586280145686,0.0011961586280145686,-0.0054422824563409985,0.0054422824563409985
NPTN,-0.0011909048945534446,0.0011909048945534446,0.002560031295246486,0.002560031295246486
PPIE,-0.001188770552106415,0.001188770552106415,0.025009750031871024,0.025009750031871024
EYA1,-0.0011854169221690363,0.0011854169221690363,0.037446694025603536,0.037446694025603536
BMERB1,0.0011637906649481311,0.0011637906649481311,-0.006317677694305188,0.006317677694305188
AC090617.5,0.0011320160963475866,0.0011320160963475866,-0.009096032619288583,0.009096032619288583
GOLGA8A,-0.0009513137575327989,0.0009513137575327989,0.0014455659433289037,0.0014455659433289037
SMIM15,-0.0009410818379145334,0.0009410818379145334,0.0077246612411940065,0.0077246612411940065
ACP2,0.0007674359523367497,0.0007674359523367497,0.0033305600587840625,0.0033305600587840625
KLRA1P,-0.0007583250579799773,0.0007583250579799773,-0.005124197081374694,0.005124197081374694
AL117328.1,0.000683986005224135,0.000683986005224135,0.08920717876534734,0.08920717876534734
SOCS3,0.0005451021919033467,0.0005451021919033467,-0.012963703658489534,0.012963703658489534
ARMC10,-0.0004254641408880459,0.0004254641408880459,-0.02168226356041123,0.02168226356041123
PIGV,0.0003806871240196091,0.0003806871240196091,0.020139110167655145,0.020139110167655145
KDM7A-DT,-0.00026850934248326343,0.00026850934248326343,0.022009954503651626,0.022009954503651626
