Feature,Coefficient,Abs_Coefficient,Correlation_with_Target,Abs_Correlation
KCNG1,14.330293784714073,14.330293784714073,0.2746422640077045,0.2746422640077045
ELDR,14.326835082239267,14.326835082239267,0.23208412111887824,0.23208412111887824
PCDHGB2,-13.950620588674255,13.950620588674255,-0.249497888850737,0.249497888850737
H2AW,12.762787374638764,12.762787374638764,0.17451129144928987,0.17451129144928987
CBLN4,12.375194357994452,12.375194357994452,0.24373276103244335,0.24373276103244335
MT1P1,11.855262140045467,11.855262140045467,0.1818486742209675,0.1818486742209675
CCL4L2,-11.799016174975247,11.799016174975247,-0.2346019633710928,0.2346019633710928
ALKAL2,11.656230219518651,11.656230219518651,0.21466396521557735,0.21466396521557735
AC133041.1,11.636494055297751,11.636494055297751,0.20111517219106786,0.20111517219106786
PPP1R17,11.058078481700667,11.058078481700667,0.17576815324540426,0.17576815324540426
SCARNA20,-10.475097824525363,10.475097824525363,-0.18836272614971106,0.18836272614971106
COL22A1,-10.332757251167532,10.332757251167532,-0.2898595571661994,0.2898595571661994
AC241377.3,10.32750319803276,10.32750319803276,0.2334272300430968,0.2334272300430968
MIR1268B,10.15003878828489,10.15003878828489,0.19410183281065657,0.19410183281065657
AP000553.6,10.133248469209343,10.133248469209343,0.17431856817501665,0.17431856817501665
GJD3,-10.074690695601499,10.074690695601499,-0.17103791492070183,0.17103791492070183
MIR6895,9.883108767128824,9.883108767128824,0.19959209650010135,0.19959209650010135
AC021188.1,9.827039867851347,9.827039867851347,0.18425163236159003,0.18425163236159003
SEZ6,-9.531178851076252,9.531178851076252,-0.1763159991711854,0.1763159991711854
RNU6-882P,-9.227033723696238,9.227033723696238,-0.1696938241178832,0.1696938241178832
SMOC1,-9.092013055671178,9.092013055671178,-0.1756404707475377,0.1756404707475377
AC009686.2,9.087973125362927,9.087973125362927,0.24585896980097185,0.24585896980097185
DPY19L2P1,8.75283874172212,8.75283874172212,0.171779584519135,0.171779584519135
MIR3193,8.728298413241172,8.728298413241172,0.2528135129916853,0.2528135129916853
AC093458.2,8.722526633471103,8.722526633471103,0.1759052796324301,0.1759052796324301
NOP56P1,8.623841510884331,8.623841510884331,0.20037811384333346,0.20037811384333346
KANSL1-AS1,-8.42355400012752,8.42355400012752,-0.25297305392065494,0.25297305392065494
CNIH3-AS1,8.414938704189085,8.414938704189085,0.2151716886894864,0.2151716886894864
MIR6859-2,8.399116689536841,8.399116689536841,0.23510122057420918,0.23510122057420918
TMPRSS9,8.366794234979288,8.366794234979288,0.18921451295683006,0.18921451295683006
MT-TL1,8.338373563500706,8.338373563500706,0.17408213554156002,0.17408213554156002
MIR6746,-8.30126388718324,8.30126388718324,-0.17894250372606374,0.17894250372606374
CKS1BP7,-8.277812322034334,8.277812322034334,-0.18146121313110236,0.18146121313110236
ADGRG6,8.175237740545473,8.175237740545473,0.2768211803619322,0.2768211803619322
CCL3L3,-8.175034654922992,8.175034654922992,-0.2288353769386992,0.2288353769386992
MIR6781,-8.020628186208743,8.020628186208743,-0.2729785580157735,0.2729785580157735
AC026412.1,7.808933737344081,7.808933737344081,0.20229272348127728,0.20229272348127728
NAXD,-7.772870035412791,7.772870035412791,-0.28250048316326354,0.28250048316326354
LRP2BP,7.755102896588814,7.755102896588814,0.198459999952824,0.198459999952824
TPD52,7.744516080156294,7.744516080156294,0.19096037494379012,0.19096037494379012
LDHC,7.730840782308072,7.730840782308072,0.20249049473986896,0.20249049473986896
TMEM132C,7.706158551202648,7.706158551202648,-0.17795307244847472,0.17795307244847472
MIR4653,7.68963023146999,7.68963023146999,0.19258887331086663,0.19258887331086663
IRX1,-7.679182044810137,7.679182044810137,-0.2793603441035401,0.2793603441035401
PTMAP4,7.664248331391217,7.664248331391217,0.19749251296244938,0.19749251296244938
RNU7-154P,7.639442084678253,7.639442084678253,0.23529802467415345,0.23529802467415345
AL135786.1,7.63376689528977,7.63376689528977,0.1839482476066816,0.1839482476066816
AC005682.1,7.609462886581875,7.609462886581875,0.214600571994168,0.214600571994168
NTNG1,-7.588354225732311,7.588354225732311,-0.2800532444555667,0.2800532444555667
CDH13,-7.581135229190725,7.581135229190725,-0.2142757034768762,0.2142757034768762
SLC44A5,7.46111620900038,7.46111620900038,-0.16741053443552845,0.16741053443552845
RNU6-1085P,7.37341623323517,7.37341623323517,0.26772247179059,0.26772247179059
PF4,-7.269251046593731,7.269251046593731,-0.2702104092588895,0.2702104092588895
CD79B,-7.266579004369195,7.266579004369195,-0.18743679834237628,0.18743679834237628
RPL39L,-7.253843453337466,7.253843453337466,-0.2690133809999642,0.2690133809999642
AC006466.1,7.16041187548571,7.16041187548571,0.17182498781481897,0.17182498781481897
ZDHHC23,7.066055285913007,7.066055285913007,0.2052766270817946,0.2052766270817946
RNU6-1099P,7.009201429385137,7.009201429385137,0.19875577032666822,0.19875577032666822
PARK7,-6.943221386214555,6.943221386214555,-0.23679178128396333,0.23679178128396333
MIR3192,-6.9098626481199705,6.9098626481199705,-0.18658176935317455,0.18658176935317455
HMGN2P41,-6.9007005051776655,6.9007005051776655,-0.2029803401534554,0.2029803401534554
AL008721.2,6.888315793506375,6.888315793506375,0.18452840668485854,0.18452840668485854
SEPTIN7P3,6.877548087403775,6.877548087403775,0.23204390037612402,0.23204390037612402
RWDD2B,6.855760217095019,6.855760217095019,0.1974194581807818,0.1974194581807818
AL355385.1,-6.841852608917587,6.841852608917587,-0.1958078145677476,0.1958078145677476
NDN,-6.758990697843376,6.758990697843376,-0.22671247160517136,0.22671247160517136
AP001363.2,-6.733565107293664,6.733565107293664,-0.2700523683253262,0.2700523683253262
ROBO1,-6.575396393321538,6.575396393321538,-0.1803847288842464,0.1803847288842464
KAT7P1,6.533049814139875,6.533049814139875,0.22405983756572925,0.22405983756572925
AC026367.2,-6.469003002775391,6.469003002775391,-0.1731651345997101,0.1731651345997101
EYA1,-6.459243233162866,6.459243233162866,-0.23913329566422672,0.23913329566422672
NELL1,-6.3270710904733045,6.3270710904733045,-0.21681006704339426,0.21681006704339426
TRBJ2-3,-6.213330272461479,6.213330272461479,-0.16900602878106005,0.16900602878106005
AC005534.1,6.211407077785453,6.211407077785453,0.18407535651269766,0.18407535651269766
SHISA6,-6.11113766397515,6.11113766397515,-0.22066833975979397,0.22066833975979397
PPBP,-6.089844614112106,6.089844614112106,-0.2099701767447155,0.2099701767447155
RNU6-1337P,6.087651384921566,6.087651384921566,0.16773713674632726,0.16773713674632726
TMEM64,6.0454748702626055,6.0454748702626055,0.17181819507586174,0.17181819507586174
AC004980.3,-6.034302180964244,6.034302180964244,-0.1966074917118428,0.1966074917118428
AC015845.2,5.968641910265641,5.968641910265641,0.19662658495774724,0.19662658495774724
TCEAL5,-5.955767825290791,5.955767825290791,-0.20273293168376827,0.20273293168376827
AC024995.1,5.946925178543044,5.946925178543044,0.23030236932874076,0.23030236932874076
HOTAIR,-5.945343715598638,5.945343715598638,-0.19310818348467917,0.19310818348467917
SOCS3,5.939131734691759,5.939131734691759,-0.18168291279069249,0.18168291279069249
HMGB3P24,5.913324659789771,5.913324659789771,0.17081122147771277,0.17081122147771277
PIGY-DT,-5.900766622707178,5.900766622707178,-0.23910242991948716,0.23910242991948716
TK1,-5.8671607503901555,5.8671607503901555,-0.18658070371236168,0.18658070371236168
TUBA1C,-5.833662503662685,5.833662503662685,-0.1948673043596,0.1948673043596
AC073063.1,5.828880080006682,5.828880080006682,0.17327860683484128,0.17327860683484128
RUFY2,5.820516990555839,5.820516990555839,0.19267847102693872,0.19267847102693872
RPSAP47,5.793404208792015,5.793404208792015,0.17422275161914338,0.17422275161914338
AL358334.2,5.790716391755884,5.790716391755884,0.21043704570589772,0.21043704570589772
AL390755.3,5.701995534986696,5.701995534986696,0.18295714801059385,0.18295714801059385
AL354872.1,5.697023973860503,5.697023973860503,0.23121982889677486,0.23121982889677486
MIR4263,-5.6591943337236845,5.6591943337236845,-0.19262342780503747,0.19262342780503747
EFCAB10,5.60563446112572,5.60563446112572,0.1737720455394811,0.1737720455394811
SNORC,5.602936068327371,5.602936068327371,0.19388142784241813,0.19388142784241813
ZNF189,5.5729454855932365,5.5729454855932365,0.22896423002589908,0.22896423002589908
TMEM220-AS1,-5.567590132799809,5.567590132799809,-0.17223584125668148,0.17223584125668148
RAMACL,5.5273353255489885,5.5273353255489885,0.17289224075629933,0.17289224075629933
HRCT1,-5.507423884125604,5.507423884125604,-0.17126469597929686,0.17126469597929686
ENO2,5.49806559687185,5.49806559687185,-0.17409153111064998,0.17409153111064998
C5orf46,-5.46575969948866,5.46575969948866,-0.2020196736856041,0.2020196736856041
HMGN2P27,-5.454658451709186,5.454658451709186,-0.19667647541732747,0.19667647541732747
AC092745.3,-5.425177400874848,5.425177400874848,-0.1769432962136658,0.1769432962136658
AP003392.4,-5.383281796193943,5.383281796193943,-0.19149186890365968,0.19149186890365968
C1QTNF6,-5.333820682545011,5.333820682545011,-0.16811096453831634,0.16811096453831634
MRPL45P2,-5.310804280469482,5.310804280469482,-0.2227755251047292,0.2227755251047292
AC128687.2,5.2896960337609675,5.2896960337609675,0.2115806637600294,0.2115806637600294
MIR8078,5.2870433813142395,5.2870433813142395,0.2939790330908402,0.2939790330908402
MIR5010,-5.248997052147369,5.248997052147369,-0.16820699646127413,0.16820699646127413
FAM90A1,-5.235752974220478,5.235752974220478,-0.21464648523787755,0.21464648523787755
NT5DC3,-5.203092505576877,5.203092505576877,-0.19320017800398906,0.19320017800398906
TMEM233,-5.18622813086347,5.18622813086347,-0.22675872515584317,0.22675872515584317
PENK,-5.181911243034243,5.181911243034243,-0.1939577233393285,0.1939577233393285
PODN,-5.1536437738296215,5.1536437738296215,-0.2917660895766658,0.2917660895766658
WNT7B,5.146267858085062,5.146267858085062,-0.198525607696246,0.198525607696246
MT1P3,5.136238488053532,5.136238488053532,0.1876463709300373,0.1876463709300373
RPL7P21,5.131704080351867,5.131704080351867,0.26299102925319884,0.26299102925319884
ARHGAP6,5.087494443803676,5.087494443803676,0.1741439666259471,0.1741439666259471
NKX3-1,-5.080018276468784,5.080018276468784,-0.2514131904933411,0.2514131904933411
AP000553.3,5.025007619540088,5.025007619540088,0.1886947399047751,0.1886947399047751
IRF6,5.016952299548443,5.016952299548443,0.19097310675738435,0.19097310675738435
AC007485.1,-5.015200609182233,5.015200609182233,-0.170607331511873,0.170607331511873
NBR2,-5.0093603857721405,5.0093603857721405,-0.17687198249735633,0.17687198249735633
RGS14,-4.958700778179774,4.958700778179774,-0.18501496625135908,0.18501496625135908
AL512785.1,4.952079965212356,4.952079965212356,0.1915691534664218,0.1915691534664218
ELAVL4,-4.95205515654088,4.95205515654088,-0.23491514444784356,0.23491514444784356
PNPLA3,4.94747157448013,4.94747157448013,0.26884895146516746,0.26884895146516746
FAM241B,-4.93429048500615,4.93429048500615,-0.1912051760605549,0.1912051760605549
MIR3616,4.9104119964394535,4.9104119964394535,0.23932914040077588,0.23932914040077588
ULBP2,4.899348436830989,4.899348436830989,-0.17833288836723624,0.17833288836723624
NETO1,4.891481450604321,4.891481450604321,-0.16816663878820026,0.16816663878820026
MGMT,-4.867529916327316,4.867529916327316,-0.21871606421602635,0.21871606421602635
SRD5A1,-4.855188856409846,4.855188856409846,-0.24577673442150644,0.24577673442150644
MIR4280HG,4.808496958557105,4.808496958557105,0.1956454567867674,0.1956454567867674
SEC11C,-4.797180536880148,4.797180536880148,-0.18909490137066448,0.18909490137066448
AC091982.1,-4.793235151048558,4.793235151048558,-0.20260573343800148,0.20260573343800148
ADCY2,-4.790454756761919,4.790454756761919,-0.17059258428680404,0.17059258428680404
ANKRD1,-4.776597409393879,4.776597409393879,-0.23611110038623476,0.23611110038623476
PRPH,-4.772050589388897,4.772050589388897,-0.18618662445129658,0.18618662445129658
TFCP2L1,4.681455067173665,4.681455067173665,0.19095702990646068,0.19095702990646068
CACNG5,-4.645749773663837,4.645749773663837,-0.2417009910667064,0.2417009910667064
DDX25,-4.645156101919023,4.645156101919023,-0.2039652961215527,0.2039652961215527
KCNN4,-4.643531933123189,4.643531933123189,-0.1973862705692801,0.1973862705692801
MIR222HG,-4.637654127892935,4.637654127892935,-0.20342454563352033,0.20342454563352033
LINC00672,4.620077826924696,4.620077826924696,-0.1731337237662112,0.1731337237662112
RFX5-AS1,-4.61524646910222,4.61524646910222,-0.22212990119969486,0.22212990119969486
AC011247.1,-4.607198374119479,4.607198374119479,-0.2189237786427654,0.2189237786427654
AP000223.1,-4.579845745662394,4.579845745662394,-0.20173118260803324,0.20173118260803324
BX322639.1,4.560244628022758,4.560244628022758,-0.21342634142913822,0.21342634142913822
HOXB-AS1,-4.5579726308579644,4.5579726308579644,-0.18493943490080594,0.18493943490080594
AC008525.1,-4.531065496596651,4.531065496596651,-0.17675597801023682,0.17675597801023682
TBX15,4.507552857968462,4.507552857968462,-0.17239529261998154,0.17239529261998154
DNAJC7,-4.503291678080296,4.503291678080296,-0.2418232292766531,0.2418232292766531
GULP1,4.498995012889102,4.498995012889102,0.23431385279483297,0.23431385279483297
RPSAP46,4.48497950870458,4.48497950870458,0.17178730464152844,0.17178730464152844
SFRP2,-4.478024009810471,4.478024009810471,-0.19036255819707276,0.19036255819707276
RPP25,4.4667074291323745,4.4667074291323745,-0.18473815011146102,0.18473815011146102
GZMB,-4.460104844347676,4.460104844347676,-0.19232391142360308,0.19232391142360308
GPD1L,4.447854406477627,4.447854406477627,0.17460450475419848,0.17460450475419848
AC093599.2,-4.43741767460348,4.43741767460348,-0.17249861162891458,0.17249861162891458
IGHA2,-4.4306594531376415,4.4306594531376415,-0.18084756835499358,0.18084756835499358
MIR4530,4.409690867219003,4.409690867219003,0.17497130023218904,0.17497130023218904
SNORD114-3,4.402343211249679,4.402343211249679,0.1681012794324487,0.1681012794324487
LINC01770,-4.398010610478084,4.398010610478084,-0.18973827749865924,0.18973827749865924
SNHG26,4.385802255752113,4.385802255752113,0.20480467594181434,0.20480467594181434
RPL12P27,4.383354790773266,4.383354790773266,0.1721769824899306,0.1721769824899306
AC005520.4,-4.375388024679809,4.375388024679809,-0.19450156982725422,0.19450156982725422
PLPP4,4.3703702281471575,4.3703702281471575,-0.18076114992341638,0.18076114992341638
LINC02182,-4.363920616304045,4.363920616304045,-0.2079579161177507,0.2079579161177507
VWC2L,4.36254204507966,4.36254204507966,-0.19476549740331506,0.19476549740331506
SNTG1,-4.321844291260644,4.321844291260644,-0.20572262292456844,0.20572262292456844
NMNAT2,4.297438417886465,4.297438417886465,-0.16721585785892887,0.16721585785892887
RNA5SP490,4.2652820605909305,4.2652820605909305,0.18581662675862878,0.18581662675862878
PMP2,-4.241201837690552,4.241201837690552,-0.17041761094370858,0.17041761094370858
RPS12P23,4.206901009045389,4.206901009045389,0.17514763603778968,0.17514763603778968
AC083906.5,4.192809028672271,4.192809028672271,0.20380314420844114,0.20380314420844114
C8orf33,-4.173083981267611,4.173083981267611,-0.18598135158880633,0.18598135158880633
MIR1302-8,4.1673001403094165,4.1673001403094165,0.1758391334075514,0.1758391334075514
CRIM1-DT,-4.166825006147008,4.166825006147008,-0.18822469890862598,0.18822469890862598
PRIMA1,4.155362625145046,4.155362625145046,-0.2302233526911556,0.2302233526911556
VSTM2L,-4.140331096342942,4.140331096342942,-0.2113010061393874,0.2113010061393874
SOX21,4.078931142648242,4.078931142648242,0.17996180954371901,0.17996180954371901
BX284668.6,4.068697757525379,4.068697757525379,0.20230714941398917,0.20230714941398917
FP565260.3,-4.063088984425087,4.063088984425087,-0.22793352761399932,0.22793352761399932
C1QL4,-4.060826271513241,4.060826271513241,-0.17009497541978688,0.17009497541978688
NSG2,4.044365891269077,4.044365891269077,-0.16966096130708785,0.16966096130708785
RCCD1,-4.030387773352133,4.030387773352133,-0.19339731530826446,0.19339731530826446
IGFBP6,-4.022694583437878,4.022694583437878,-0.2246564136127406,0.2246564136127406
FAM110D,4.021973284200262,4.021973284200262,0.1754019910665369,0.1754019910665369
AL603839.3,-4.018898461017146,4.018898461017146,-0.21183839082683237,0.21183839082683237
LOXL1,-4.015514459741542,4.015514459741542,-0.2414011787037912,0.2414011787037912
GHDC,-4.002951087243982,4.002951087243982,-0.28923315113134757,0.28923315113134757
AP000553.5,4.000893213134652,4.000893213134652,0.17818852366594007,0.17818852366594007
PTTG1,-3.9967069071133006,3.9967069071133006,-0.1744545864134852,0.1744545864134852
IGHA1,-3.9923780146000984,3.9923780146000984,-0.16985381284306877,0.16985381284306877
GOLM1,-3.9775233369188974,3.9775233369188974,-0.20819808478545562,0.20819808478545562
DTX4,-3.971153635037383,3.971153635037383,-0.18843287848548365,0.18843287848548365
MIR221,-3.963703244193812,3.963703244193812,-0.1929829796711119,0.1929829796711119
KIAA1671,3.961352618831371,3.961352618831371,0.16875407289227595,0.16875407289227595
NAT1,-3.916762001932543,3.916762001932543,-0.17594183925859352,0.17594183925859352
EFHB,3.908574824622987,3.908574824622987,0.18738488879566845,0.18738488879566845
PRICKLE1,-3.903096735096603,3.903096735096603,-0.1681634075327615,0.1681634075327615
AC068792.1,-3.8942039385393983,3.8942039385393983,-0.182533694920789,0.182533694920789
YWHAH,3.882723801860897,3.882723801860897,-0.18818915870251055,0.18818915870251055
H2BC17,3.8684835700240767,3.8684835700240767,0.17189613881728355,0.17189613881728355
GNG2,-3.865775306036184,3.865775306036184,-0.1726945908039508,0.1726945908039508
AC080188.1,-3.837313621792806,3.837313621792806,-0.17714113981512547,0.17714113981512547
THY1,3.8360067121246675,3.8360067121246675,-0.24223462104548832,0.24223462104548832
C5orf67,3.816485548203468,3.816485548203468,0.1889674349393217,0.1889674349393217
PMS2P4,-3.79853285534764,3.79853285534764,-0.19025831090344245,0.19025831090344245
TSHZ2,-3.791910771284275,3.791910771284275,-0.28905326633688094,0.28905326633688094
TRIL,3.757141681257353,3.757141681257353,0.18107369564703996,0.18107369564703996
DOCK9-DT,-3.7454349429850784,3.7454349429850784,-0.18781636371793184,0.18781636371793184
EMP2,-3.72438682994221,3.72438682994221,-0.16754133986817743,0.16754133986817743
RNU6-88P,3.7152790967563893,3.7152790967563893,0.2039120063522348,0.2039120063522348
AGAP4,3.6986960426404605,3.6986960426404605,0.17341663924754538,0.17341663924754538
SLC44A3,-3.6918624604411803,3.6918624604411803,-0.23971872608532527,0.23971872608532527
MAP2K1,3.690171231373125,3.690171231373125,-0.1720630525310247,0.1720630525310247
SLC43A1,3.678082315196119,3.678082315196119,0.2044857307715705,0.2044857307715705
RPL34P34,-3.661238718267938,3.661238718267938,-0.18382915071934697,0.18382915071934697
AL117328.1,-3.656788883448764,3.656788883448764,-0.21157261241062236,0.21157261241062236
MRPS6,-3.6389587158936316,3.6389587158936316,-0.20677710205803077,0.20677710205803077
TBX5-AS1,3.6379020494309753,3.6379020494309753,-0.1834936583348133,0.1834936583348133
MTATP6P2,3.6342578082846777,3.6342578082846777,0.23042643374741023,0.23042643374741023
SLC39A4,-3.629997692144559,3.629997692144559,-0.1671361072929773,0.1671361072929773
F3,-3.6095920955832366,3.6095920955832366,-0.20984556391549256,0.20984556391549256
RND1,-3.5874076895337446,3.5874076895337446,-0.19151684121559695,0.19151684121559695
CERS5,-3.5574111671553403,3.5574111671553403,-0.22692477949437534,0.22692477949437534
PSPH,3.55690608756834,3.55690608756834,0.1909277652488805,0.1909277652488805
LRRC61,-3.552249604731262,3.552249604731262,-0.17491629781433735,0.17491629781433735
FAM110C,-3.536321943085584,3.536321943085584,-0.18187154702332142,0.18187154702332142
NRXN2,-3.5257322171316314,3.5257322171316314,-0.18079113681038725,0.18079113681038725
ADAM23,-3.521295357736299,3.521295357736299,-0.24999962558436573,0.24999962558436573
RPL12P10,3.5173291584660555,3.5173291584660555,0.22925707606800977,0.22925707606800977
GFRA1,3.5148516584993827,3.5148516584993827,-0.17147572000014785,0.17147572000014785
TSPAN4,-3.5038382363016694,3.5038382363016694,-0.23639914199905024,0.23639914199905024
MTCO2P12,3.50352759326994,3.50352759326994,0.20905084181791223,0.20905084181791223
PPIF,-3.4917298396010734,3.4917298396010734,-0.20457202878337424,0.20457202878337424
NAGS,-3.4877465539422587,3.4877465539422587,-0.20929432765904962,0.20929432765904962
AC083837.1,-3.4862312251474794,3.4862312251474794,-0.2188868724381494,0.2188868724381494
GOLGA8A,3.4543340413732753,3.4543340413732753,0.22529074231011587,0.22529074231011587
EN2,3.4531963968416552,3.4531963968416552,-0.20547888822418284,0.20547888822418284
PCDH8,-3.4517534203842737,3.4517534203842737,-0.1726662638811525,0.1726662638811525
SCRT1,3.4436992752010083,3.4436992752010083,-0.1684159742838485,0.1684159742838485
CHGB,3.4307504150445074,3.4307504150445074,-0.1672531302930095,0.1672531302930095
AC127002.1,3.4148302834822326,3.4148302834822326,0.20194713911012255,0.20194713911012255
ADA2,-3.408224620210258,3.408224620210258,-0.18014543758572438,0.18014543758572438
L3MBTL3,3.4049667260010636,3.4049667260010636,0.17753507139244545,0.17753507139244545
RN7SL364P,3.3880397571285448,3.3880397571285448,0.17520160635616983,0.17520160635616983
GPR89A,-3.381653565182071,3.381653565182071,-0.24232218053940086,0.24232218053940086
IQCN,3.3594947813831806,3.3594947813831806,0.17432749662147978,0.17432749662147978
AC145343.1,-3.3560805822421558,3.3560805822421558,-0.173486662601915,0.173486662601915
GCKR,-3.353683115398261,3.353683115398261,-0.21123629618469383,0.21123629618469383
FCN3,-3.346936291212561,3.346936291212561,-0.19209200880357064,0.19209200880357064
AAMDC,-3.344595072114084,3.344595072114084,-0.2584952132377222,0.2584952132377222
AREG,-3.338865952477227,3.338865952477227,-0.20232145659225342,0.20232145659225342
MXRA8,-3.3384161040675755,3.3384161040675755,-0.1869043242025903,0.1869043242025903
AC010973.2,3.3269241198265496,3.3269241198265496,0.18659414163960666,0.18659414163960666
POM121L9P,-3.3193874080547965,3.3193874080547965,-0.17112921964336564,0.17112921964336564
DPYSL3,3.3107679468599867,3.3107679468599867,-0.19854216147532802,0.19854216147532802
VWA5A,3.309013217684192,3.309013217684192,-0.20894412713139485,0.20894412713139485
MMP19,-3.3065601126707134,3.3065601126707134,-0.1962565005692446,0.1962565005692446
PTRH2,-3.303969574069043,3.303969574069043,-0.2715287631875046,0.2715287631875046
AC125603.3,-3.2914466014257493,3.2914466014257493,-0.1753027892999117,0.1753027892999117
HSPB9,-3.275106959396369,3.275106959396369,-0.20353770671548918,0.20353770671548918
UBA6-AS1,-3.2732846895540573,3.2732846895540573,-0.24000738693198614,0.24000738693198614
UBE2QL1,-3.2673493384612446,3.2673493384612446,-0.21976516601331608,0.21976516601331608
AC087627.1,3.2486765813611163,3.2486765813611163,0.2005407478651501,0.2005407478651501
RPS5P8,3.2444551482900965,3.2444551482900965,0.21549456187369048,0.21549456187369048
PSMD9,-3.237284072584675,3.237284072584675,-0.1804339223324101,0.1804339223324101
TCTA,-3.2317672397934265,3.2317672397934265,-0.21705603694079995,0.21705603694079995
AC016876.1,-3.219941130715051,3.219941130715051,-0.23197687874608833,0.23197687874608833
ZNHIT3,-3.2195591768606415,3.2195591768606415,-0.18964189894128555,0.18964189894128555
DKK3,3.212462325193534,3.212462325193534,-0.2735658879762239,0.2735658879762239
GRIA1,3.210230894278804,3.210230894278804,-0.175186858597783,0.175186858597783
AC244517.1,-3.208170653509531,3.208170653509531,-0.2418682009148278,0.2418682009148278
ZNF844,3.2020072103754296,3.2020072103754296,0.19435018156724984,0.19435018156724984
STEAP3-AS1,-3.1963907875621715,3.1963907875621715,-0.17997975435543448,0.17997975435543448
AC026748.7,-3.195353959414297,3.195353959414297,-0.1992932590592651,0.1992932590592651
PTPRN2,3.1775964327186923,3.1775964327186923,-0.18875765746253412,0.18875765746253412
EIPR1,-3.175301855652304,3.175301855652304,-0.25866995476497584,0.25866995476497584
AC079760.1,3.1741019685652376,3.1741019685652376,0.1717579055891979,0.1717579055891979
TREML3P,-3.173312989231468,3.173312989231468,-0.16828475793043157,0.16828475793043157
LGI2,-3.1732644197990543,3.1732644197990543,-0.1995004391659819,0.1995004391659819
ZFP36,3.165758818808656,3.165758818808656,-0.1949879763929976,0.1949879763929976
AC002070.1,-3.1435630800593874,3.1435630800593874,-0.1887431594743372,0.1887431594743372
METTL1,-3.1302464730334427,3.1302464730334427,-0.23422343423815614,0.23422343423815614
TMUB2,-3.1145987814581177,3.1145987814581177,-0.22295635121278812,0.22295635121278812
AC100810.7,-3.112540564652206,3.112540564652206,-0.18724082564958291,0.18724082564958291
SLC16A7,-3.110770361311904,3.110770361311904,-0.20070007498217823,0.20070007498217823
MIR22HG,-3.110010494937765,3.110010494937765,-0.18041079252856132,0.18041079252856132
AC100812.1,-3.0758301063540525,3.0758301063540525,-0.265825652180488,0.265825652180488
CREB5,3.0643777667387524,3.0643777667387524,0.19106514092499255,0.19106514092499255
ASB16-AS1,-3.0549149297832487,3.0549149297832487,-0.17431206959484472,0.17431206959484472
MIXL1,3.0544530600860917,3.0544530600860917,0.24387183631192028,0.24387183631192028
TREM1,-3.0499386860124336,3.0499386860124336,-0.20356396609242303,0.20356396609242303
HOXB2,-3.0349274243446307,3.0349274243446307,-0.23999905802635496,0.23999905802635496
AL353705.3,-3.0288126522032397,3.0288126522032397,-0.2005867589867496,0.2005867589867496
AC068057.2,-3.0270763361028514,3.0270763361028514,-0.16950085777299087,0.16950085777299087
DAZAP2P1,-3.0137356169344223,3.0137356169344223,-0.21526166144331635,0.21526166144331635
PSMD3,-3.0100567156067592,3.0100567156067592,-0.19568734543832106,0.19568734543832106
TUBB2A,-2.986312003795811,2.986312003795811,-0.20188720730870655,0.20188720730870655
RIT2,-2.98358120889856,2.98358120889856,-0.16785582873600371,0.16785582873600371
CLEC18A,-2.9694014019096615,2.9694014019096615,-0.1843446495543287,0.1843446495543287
RPL23AP81,-2.9679359323848513,2.9679359323848513,0.21768414187195823,0.21768414187195823
RARA,-2.966120492795147,2.966120492795147,-0.224913562947405,0.224913562947405
CHRM4,-2.9587214401620243,2.9587214401620243,-0.21475729916025066,0.21475729916025066
MIR4256,-2.956605154842085,2.956605154842085,-0.17801231239358514,0.17801231239358514
MIR1285-1,2.9458725758496223,2.9458725758496223,0.17399172185215403,0.17399172185215403
FCER1G,2.9394742783073635,2.9394742783073635,-0.18066137688280706,0.18066137688280706
TRNP1,-2.933024874704877,2.933024874704877,-0.22478249943605336,0.22478249943605336
SDS,-2.930024304318238,2.930024304318238,-0.1741688214607412,0.1741688214607412
RPLP1P6,-2.916471707714247,2.916471707714247,-0.22410899931131226,0.22410899931131226
HUS1,-2.910502828029208,2.910502828029208,-0.19998824591732278,0.19998824591732278
DUSP14,-2.907807050157871,2.907807050157871,-0.21212261029373417,0.21212261029373417
AC090425.1,2.9069175819647928,2.9069175819647928,0.17417171931346914,0.17417171931346914
PYM1,-2.901950989097679,2.901950989097679,-0.2224563645148698,0.2224563645148698
MIR4458HG,-2.897074217048519,2.897074217048519,-0.2755554584008517,0.2755554584008517
SCARA3,-2.8824418001907897,2.8824418001907897,-0.2716266903674736,0.2716266903674736
AL359711.2,-2.868574701600361,2.868574701600361,-0.21102338714728738,0.21102338714728738
AC011005.4,-2.8684138151150256,2.8684138151150256,0.19856578343998113,0.19856578343998113
TCAF2,-2.8525102019677373,2.8525102019677373,-0.21232545509430575,0.21232545509430575
SPARC,-2.851028472683809,2.851028472683809,-0.18502275822485117,0.18502275822485117
SCN3B,2.8440766836751976,2.8440766836751976,-0.19154903145351687,0.19154903145351687
AC073508.3,-2.843201399054864,2.843201399054864,-0.2723707373983144,0.2723707373983144
ATP1A3,-2.8357052448141062,2.8357052448141062,-0.17752548142056793,0.17752548142056793
SLFN11,-2.824911664827659,2.824911664827659,-0.19068842326516316,0.19068842326516316
AC244034.1,2.8247987068722917,2.8247987068722917,0.183944946773907,0.183944946773907
HOXC-AS2,-2.8158660924641956,2.8158660924641956,-0.2538483494301622,0.2538483494301622
SUSD1,2.815257983530812,2.815257983530812,-0.1732899980348479,0.1732899980348479
TCEAL6,2.8119898376180785,2.8119898376180785,-0.18404757259973825,0.18404757259973825
EIF1P3,-2.8118351534664545,2.8118351534664545,-0.23943815112530317,0.23943815112530317
OR51E1,-2.795578940499324,2.795578940499324,-0.19399778868822748,0.19399778868822748
PRKAR2B,2.7929023046995187,2.7929023046995187,-0.170708444243837,0.170708444243837
AC145285.6,2.7886897094486165,2.7886897094486165,0.17487531674799334,0.17487531674799334
RETN,-2.7802401772776673,2.7802401772776673,-0.19674990359367314,0.19674990359367314
TBX5,-2.7726243711286713,2.7726243711286713,-0.19804354914904862,0.19804354914904862
RPL13AP20,2.7694141048629346,2.7694141048629346,0.1749874435208377,0.1749874435208377
AC131009.1,-2.760554678927744,2.760554678927744,-0.22212985946637445,0.22212985946637445
KDM7A-DT,2.754738607214284,2.754738607214284,-0.19677438647471956,0.19677438647471956
KLF10,-2.738341710478533,2.738341710478533,-0.1890214882886503,0.1890214882886503
TDP1,-2.737993169966816,2.737993169966816,-0.170970564050679,0.170970564050679
TWIST1,-2.722446582660702,2.722446582660702,-0.17645126890498855,0.17645126890498855
AL590787.1,-2.7196043697769188,2.7196043697769188,-0.16821801108090334,0.16821801108090334
AC023509.3,-2.716987392222337,2.716987392222337,-0.24704441075627834,0.24704441075627834
AL359092.2,-2.714488781818148,2.714488781818148,-0.23516858157194914,0.23516858157194914
HOXC10,-2.7057249769821157,2.7057249769821157,-0.20527543722680902,0.20527543722680902
ITGA3,-2.698625635834721,2.698625635834721,-0.1961813276881237,0.1961813276881237
AC011451.4,2.6940339556173085,2.6940339556173085,0.2522475326022377,0.2522475326022377
IL1B,2.686334001700076,2.686334001700076,-0.17421305237513796,0.17421305237513796
KRR1P1,2.6743678414271277,2.6743678414271277,0.17444959412867272,0.17444959412867272
HOXD11,-2.670183183975028,2.670183183975028,-0.1778343337339115,0.1778343337339115
CCL7,-2.667217863379236,2.667217863379236,-0.19042167143594055,0.19042167143594055
PPIAP44,-2.6558572415713404,2.6558572415713404,-0.1974753577827454,0.1974753577827454
HMX1,2.6505548974268893,2.6505548974268893,-0.1948188588486469,0.1948188588486469
RNU6-97P,2.6285450012475406,2.6285450012475406,0.18316893440671653,0.18316893440671653
NSA2P7,-2.611697267433428,2.611697267433428,-0.2162622339180735,0.2162622339180735
ERO1A,2.6090121685180603,2.6090121685180603,-0.1694130616201011,0.1694130616201011
FKBP1B,2.5850282372207856,2.5850282372207856,-0.1799684571927756,0.1799684571927756
BHLHE22,2.574888194560225,2.574888194560225,-0.1794368052953801,0.1794368052953801
NACA,-2.570127478145371,2.570127478145371,-0.1790870632179089,0.1790870632179089
GADD45B,2.566821331829917,2.566821331829917,-0.18246848057781206,0.18246848057781206
SNRPF,-2.556418348704172,2.556418348704172,-0.20453329461144773,0.20453329461144773
RARA-AS1,-2.552639103022136,2.552639103022136,-0.3743984889148638,0.3743984889148638
TMEM99,-2.545308143473344,2.545308143473344,-0.1723253795571506,0.1723253795571506
MPDU1,-2.5366955634304547,2.5366955634304547,-0.2570119877578743,0.2570119877578743
EGFLAM,-2.526863819265313,2.526863819265313,-0.18270926674435065,0.18270926674435065
STX17,2.5256954814572485,2.5256954814572485,0.20236474372850877,0.20236474372850877
HOXC11,-2.5194376301067782,2.5194376301067782,-0.18165402800308647,0.18165402800308647
SAP30,2.507623417363501,2.507623417363501,-0.1783505842263739,0.1783505842263739
SAYSD1,-2.5004133463378158,2.5004133463378158,-0.18760273752613685,0.18760273752613685
CXorf56,2.4975749953427946,2.4975749953427946,0.19409272220878385,0.19409272220878385
HOXC13-AS,-2.490056971991209,2.490056971991209,-0.216971068041027,0.216971068041027
EXO5,-2.4866035440355354,2.4866035440355354,-0.22555665412400328,0.22555665412400328
AC007879.2,-2.4828285176003555,2.4828285176003555,-0.17553806017495238,0.17553806017495238
PCDHB12,-2.4780988304364997,2.4780988304364997,-0.22066436460055391,0.22066436460055391
MRPL28,-2.4778915569453934,2.4778915569453934,-0.3064810819104085,0.3064810819104085
KCNK10,-2.473760091893859,2.473760091893859,-0.16760645400302754,0.16760645400302754
LBH,2.465956559864201,2.465956559864201,-0.18640526260444285,0.18640526260444285
BLVRA,-2.463598459754272,2.463598459754272,-0.2163693675261546,0.2163693675261546
COPZ1,-2.463131456079481,2.463131456079481,-0.16863084514811016,0.16863084514811016
DERL2,-2.4627829658393736,2.4627829658393736,-0.2572359724693646,0.2572359724693646
RGS4,2.460571046669684,2.460571046669684,-0.17333586653049635,0.17333586653049635
MED10,-2.44991399578263,2.44991399578263,-0.2971094953617542,0.2971094953617542
EEF1E1,-2.4474820196324436,2.4474820196324436,-0.22194209338308885,0.22194209338308885
PLN,-2.4266511456065505,2.4266511456065505,-0.1809457534474522,0.1809457534474522
PPIE,-2.426062645773911,2.426062645773911,-0.22654795425622481,0.22654795425622481
ANK1,-2.420237229411842,2.420237229411842,-0.2285711496165075,0.2285711496165075
CD83,-2.412618123288148,2.412618123288148,-0.26145964271836636,0.26145964271836636
AC116337.2,-2.4124656872616734,2.4124656872616734,-0.19691001549991732,0.19691001549991732
HLA-DPA3,-2.409964824509366,2.409964824509366,-0.18557693900130212,0.18557693900130212
SLC40A1,2.4059869905765616,2.4059869905765616,0.19064545999330598,0.19064545999330598
ADAMTS14,-2.4020854149921806,2.4020854149921806,-0.1745796111612707,0.1745796111612707
BCL11B,-2.3965858271266125,2.3965858271266125,-0.20319783675960004,0.20319783675960004
AC091390.1,-2.392356099791347,2.392356099791347,-0.18020139468927715,0.18020139468927715
UNC5B-AS1,-2.3900126097126586,2.3900126097126586,-0.1772000862162882,0.1772000862162882
LIN7A,2.3834484204826607,2.3834484204826607,-0.17450273169959452,0.17450273169959452
CPPED1,-2.3696063349160865,2.3696063349160865,-0.24363581171880747,0.24363581171880747
TVP23A,-2.364685470783694,2.364685470783694,-0.25199300342918385,0.25199300342918385
NPR3,-2.36337666133801,2.36337666133801,-0.24128536022268113,0.24128536022268113
DUS4L-BCAP29,-2.362674094613332,2.362674094613332,-0.19001406390297465,0.19001406390297465
AL603839.2,-2.3593140953993568,2.3593140953993568,-0.2242431306841145,0.2242431306841145
GPR89B,-2.356447514745675,2.356447514745675,-0.17148574009480524,0.17148574009480524
MTCO2P2,2.3539864476854744,2.3539864476854744,0.17976706108448426,0.17976706108448426
MSC,-2.344808003479899,2.344808003479899,-0.27954680214508176,0.27954680214508176
AC018926.1,2.3417490044947775,2.3417490044947775,0.19715319852289567,0.19715319852289567
LINC01686,-2.339178145871772,2.339178145871772,-0.20706564879586903,0.20706564879586903
LOXL1-AS1,-2.3322523571266256,2.3322523571266256,-0.23728160687218944,0.23728160687218944
AC016876.3,-2.319157048985532,2.319157048985532,-0.23376601611233294,0.23376601611233294
NTN5,2.316724154614821,2.316724154614821,0.19488355225568646,0.19488355225568646
ETNK2,-2.312121150043105,2.312121150043105,-0.20949303710853753,0.20949303710853753
AL590062.1,-2.3037180593748916,2.3037180593748916,-0.2425995694914788,0.2425995694914788
MSANTD3,-2.3029653379245554,2.3029653379245554,-0.2063389114757792,0.2063389114757792
ACP2,2.3027006418253104,2.3027006418253104,-0.16743207212893463,0.16743207212893463
SLC45A1,-2.301816058332335,2.301816058332335,-0.22925180247298393,0.22925180247298393
SEMA4B,-2.30001822811578,2.30001822811578,-0.2621745914788973,0.2621745914788973
ZSWIM7,-2.294295733784565,2.294295733784565,-0.19880787526139568,0.19880787526139568
NBEAP2,-2.291138614775531,2.291138614775531,-0.1674776225147017,0.1674776225147017
HGD,2.291005684498933,2.291005684498933,0.24492350973495966,0.24492350973495966
AC004069.1,-2.281088259255972,2.281088259255972,-0.17457180357295116,0.17457180357295116
RPL23AP32,2.2690866659359674,2.2690866659359674,0.17430718651927138,0.17430718651927138
LINC00240,-2.258616053039728,2.258616053039728,-0.17569689210292977,0.17569689210292977
COX17,2.252166174553285,2.252166174553285,-0.20773286545115827,0.20773286545115827
ADI1,-2.2407826127886086,2.2407826127886086,-0.17374219108322936,0.17374219108322936
EIF2B1,-2.2379846221312496,2.2379846221312496,-0.21641198244866142,0.21641198244866142
AP001086.1,2.233289573402872,2.233289573402872,0.1780352377166562,0.1780352377166562
BCL2A1,2.2224172777840807,2.2224172777840807,-0.19082011967314472,0.19082011967314472
LINC01943,-2.2143051584263365,2.2143051584263365,-0.22164323601171934,0.22164323601171934
RNF175,-2.2130069833519874,2.2130069833519874,-0.17669620146500942,0.17669620146500942
SLC15A4,-2.210331972669534,2.210331972669534,-0.17857463259361012,0.17857463259361012
AC024730.1,2.2099006976537456,2.2099006976537456,0.1771300139166975,0.1771300139166975
AP3B2,-2.207597866883818,2.207597866883818,-0.16945338841515903,0.16945338841515903
TPST1,2.2075195269836803,2.2075195269836803,-0.2068243453091625,0.2068243453091625
CYTIP,2.20255256036559,2.20255256036559,-0.18251867338843267,0.18251867338843267
EEF1AKMT3,-2.202369166512522,2.202369166512522,-0.20424051608031824,0.20424051608031824
TMEM199,-2.1868223910481563,2.1868223910481563,-0.20941175522509908,0.20941175522509908
BIRC3,-2.1815552457403937,2.1815552457403937,-0.16937908125271492,0.16937908125271492
NUDT1,-2.1746089657676477,2.1746089657676477,-0.18673569542260765,0.18673569542260765
NACA3P,-2.151047901512029,2.151047901512029,-0.21219920762807748,0.21219920762807748
PLEKHO2,-2.1469182910124953,2.1469182910124953,-0.1833471185097474,0.1833471185097474
AC018413.1,2.1447917443789164,2.1447917443789164,0.24947658156187044,0.24947658156187044
IGFBP4,2.1412344283792826,2.1412344283792826,-0.1710456648251652,0.1710456648251652
SPAG7,-2.1371420231846256,2.1371420231846256,-0.29787632561762434,0.29787632561762434
FN3KRP,-2.1332153370189655,2.1332153370189655,-0.23519897949767302,0.23519897949767302
LTBP2,-2.118360893983783,2.118360893983783,-0.16840318624300699,0.16840318624300699
H3-3B,-2.1168627162984994,2.1168627162984994,-0.19273175740937507,0.19273175740937507
GUCY1B1,2.101112167245928,2.101112167245928,-0.17586039923855698,0.17586039923855698
PSMB3,-2.0933173164609213,2.0933173164609213,-0.1782505167503738,0.1782505167503738
TNIP1,2.0891999404906625,2.0891999404906625,-0.21005628077706817,0.21005628077706817
TMEM60,-2.080226018429632,2.080226018429632,-0.20475826885672185,0.20475826885672185
VAT1L,-2.078897449258237,2.078897449258237,-0.17620664899406843,0.17620664899406843
ZNF268,-2.0768639131541926,2.0768639131541926,-0.1761740950391936,0.1761740950391936
MTATP8P1,2.069710242662834,2.069710242662834,0.21399131829858273,0.21399131829858273
FCRLA,-2.0653177692264486,2.0653177692264486,-0.1688333294430745,0.1688333294430745
SMIM18,-2.0608035781275293,2.0608035781275293,-0.2006779528568305,0.2006779528568305
NPTN,2.054365009886455,2.054365009886455,-0.17202535643933667,0.17202535643933667
TMEM38A,2.053109834089579,2.053109834089579,0.18279599317549336,0.18279599317549336
FOSL2,2.047096516330472,2.047096516330472,-0.17000372388946214,0.17000372388946214
AC006249.1,-2.0467728484688608,2.0467728484688608,-0.17472919170852927,0.17472919170852927
SLC18B1,2.0441320648007335,2.0441320648007335,0.17528332688466558,0.17528332688466558
NSUN5,-2.0414698752527745,2.0414698752527745,-0.16737197392612424,0.16737197392612424
HOXC13,-2.0298351878431036,2.0298351878431036,-0.22868847333065365,0.22868847333065365
CCN3,-2.0295805468387638,2.0295805468387638,-0.17836468314609558,0.17836468314609558
LINC02440,-2.0265891425607725,2.0265891425607725,-0.17986067994798516,0.17986067994798516
SEMA5B,-2.0244607004293793,2.0244607004293793,-0.19204990721876905,0.19204990721876905
FGR,-2.0232265158210296,2.0232265158210296,-0.18794106934822638,0.18794106934822638
RETREG1,2.018372861892691,2.018372861892691,-0.16798920961517738,0.16798920961517738
KCTD5,-2.01314507833621,2.01314507833621,-0.1688544151502083,0.1688544151502083
CTSD,-2.0004098382949955,2.0004098382949955,-0.25159639394903677,0.25159639394903677
AP002851.1,-2.0003525438702012,2.0003525438702012,-0.1679726250807117,0.1679726250807117
CD44,1.999838527636534,1.999838527636534,-0.17783937537994368,0.17783937537994368
CLEC5A,-1.9990795272328012,1.9990795272328012,-0.17348896752215964,0.17348896752215964
TXNIP,-1.9980529471816943,1.9980529471816943,-0.1792920067603474,0.1792920067603474
AC131159.2,-1.99663268601868,1.99663268601868,-0.22174158389535475,0.22174158389535475
KLHL29,1.9945165375741984,1.9945165375741984,0.23060894673020965,0.23060894673020965
C1orf162,-1.9898609618348182,1.9898609618348182,-0.23639462802328357,0.23639462802328357
PNPO,-1.9836297076854887,1.9836297076854887,-0.16834651959499777,0.16834651959499777
ANKH,1.9822194847814094,1.9822194847814094,-0.1823385103578735,0.1823385103578735
NRSN2-AS1,1.9731343745478056,1.9731343745478056,0.17269913368788764,0.17269913368788764
HTR7,1.9701995561932688,1.9701995561932688,-0.16907959444453804,0.16907959444453804
PLCG1,1.968300719239168,1.968300719239168,0.18066359774085916,0.18066359774085916
ATP13A4,1.9676592536933006,1.9676592536933006,0.18054985569361098,0.18054985569361098
MRPL17,-1.9665486372557015,1.9665486372557015,-0.18806789053366968,0.18806789053366968
VKORC1,1.9661041731243916,1.9661041731243916,-0.17942559865544125,0.17942559865544125
OGFOD3,-1.96187716205161,1.96187716205161,-0.172005345488098,0.172005345488098
ORMDL3,-1.9613056873452033,1.9613056873452033,-0.17802375173722362,0.17802375173722362
RPS3AP13,1.9545975321071678,1.9545975321071678,0.20208722201042445,0.20208722201042445
HSPB1,-1.9475072258196668,1.9475072258196668,-0.16881731781448125,0.16881731781448125
C2,-1.9447611513227472,1.9447611513227472,-0.19447916052264813,0.19447916052264813
SPHK1,-1.9434233976824111,1.9434233976824111,-0.18479339987056212,0.18479339987056212
AL606970.4,1.9328815458314343,1.9328815458314343,-0.22887973245330034,0.22887973245330034
SLC6A6,-1.9258225981099497,1.9258225981099497,-0.2147833039479123,0.2147833039479123
GRP,1.9240333892303154,1.9240333892303154,-0.1983142164971027,0.1983142164971027
SEC61G-DT,-1.9201683444525617,1.9201683444525617,0.1702863114266542,0.1702863114266542
AC079150.1,-1.9160817198637328,1.9160817198637328,0.2026548495871363,0.2026548495871363
LDAH,-1.9156765077713478,1.9156765077713478,-0.1964813599571192,0.1964813599571192
SPP1,1.9126124936689783,1.9126124936689783,-0.22652229713602806,0.22652229713602806
HBEGF,1.904582756444288,1.904582756444288,-0.17899915679576517,0.17899915679576517
RETREG3,-1.9014478710755307,1.9014478710755307,-0.18706221130741058,0.18706221130741058
ANAPC15,-1.9009944410078856,1.9009944410078856,-0.1898782381598801,0.1898782381598801
NAGLU,-1.8918998612540339,1.8918998612540339,-0.21510378526992016,0.21510378526992016
RTN4,1.884674696596168,1.884674696596168,-0.20977691445058885,0.20977691445058885
FAM174A,1.878613441459772,1.878613441459772,-0.23576424553009026,0.23576424553009026
CDK2AP2,1.8780729268876808,1.8780729268876808,-0.18122102010680644,0.18122102010680644
CD300H,-1.8777994210917153,1.8777994210917153,-0.18283168720106083,0.18283168720106083
CCDC43,-1.874242567993382,1.874242567993382,-0.19901703052056818,0.19901703052056818
GAPDHP59,-1.8730507423512965,1.8730507423512965,-0.19440588824929328,0.19440588824929328
DUSP1,1.8722487120559026,1.8722487120559026,-0.16805998536602101,0.16805998536602101
AL021937.4,1.8713911702112047,1.8713911702112047,0.16908519491319282,0.16908519491319282
TPMT,-1.8704401854337918,1.8704401854337918,-0.2547970893742892,0.2547970893742892
AC139769.1,-1.866720787655174,1.866720787655174,-0.21265579768334777,0.21265579768334777
EEF1A1P30,1.8651790101576646,1.8651790101576646,0.20841360654607388,0.20841360654607388
DHRS7B,-1.864051195342628,1.864051195342628,-0.20800165196918796,0.20800165196918796
G0S2,-1.8615437374253974,1.8615437374253974,-0.20498930086690456,0.20498930086690456
RPL10P5,1.8575621692244892,1.8575621692244892,0.17528312606897972,0.17528312606897972
SH3BGRL3,1.8573853787302943,1.8573853787302943,-0.17684797382183326,0.17684797382183326
TSGA10,1.8572821215379083,1.8572821215379083,0.2243730702042293,0.2243730702042293
AL359182.1,-1.8446225660127495,1.8446225660127495,-0.17289971644017904,0.17289971644017904
AC005730.2,-1.8419554274215661,1.8419554274215661,-0.19823703610502072,0.19823703610502072
CD276,-1.8377556243169941,1.8377556243169941,-0.18985516040919806,0.18985516040919806
APOBR,-1.8360749315476064,1.8360749315476064,-0.18408763111260265,0.18408763111260265
KLRA1P,1.8326774873359655,1.8326774873359655,0.19259516518983566,0.19259516518983566
RIMBP2,-1.8158368853691982,1.8158368853691982,-0.17628999841617057,0.17628999841617057
GNS,-1.8147306841690098,1.8147306841690098,-0.18233058879283057,0.18233058879283057
AC126474.1,-1.7996661690359173,1.7996661690359173,-0.20381664769991092,0.20381664769991092
AC091825.3,1.7986734012916339,1.7986734012916339,-0.1739146599907162,0.1739146599907162
AP000695.2,1.7916518860088602,1.7916518860088602,-0.17758526088120455,0.17758526088120455
AC009974.1,1.7834606727577627,1.7834606727577627,0.18259519917244824,0.18259519917244824
C15orf48,-1.7820786613875566,1.7820786613875566,-0.18969059853077816,0.18969059853077816
STARD3,-1.777558904782535,1.777558904782535,-0.18186245747962576,0.18186245747962576
AP000254.1,1.7744382683015307,1.7744382683015307,0.2296198284677953,0.2296198284677953
KIAA0040,-1.7732343643622497,1.7732343643622497,-0.20850570649650244,0.20850570649650244
CCL2,1.7704581444250418,1.7704581444250418,-0.2162315122627871,0.2162315122627871
NUDCP2,-1.7697478995286875,1.7697478995286875,-0.17238983051131154,0.17238983051131154
DAZAP2,-1.7587920276399878,1.7587920276399878,-0.19784297661362588,0.19784297661362588
CFL1,1.757314954707576,1.757314954707576,-0.24911908608494496,0.24911908608494496
OSBPL5,-1.7542000357648404,1.7542000357648404,-0.1953884275890406,0.1953884275890406
LSP1,-1.7492328454322508,1.7492328454322508,-0.2324013077027224,0.2324013077027224
TENM2,-1.7376887038375872,1.7376887038375872,-0.2075182940275716,0.2075182940275716
CD180,-1.7340406770598582,1.7340406770598582,-0.2048955659043463,0.2048955659043463
CTSB,1.7328262501297234,1.7328262501297234,-0.1911089771839303,0.1911089771839303
TTC9,1.7314889139721834,1.7314889139721834,-0.24281734344876307,0.24281734344876307
ALPL,-1.728389523141462,1.728389523141462,-0.19409636365121477,0.19409636365121477
ITK,-1.7219281602011967,1.7219281602011967,-0.20292935638582962,0.20292935638582962
HS3ST3A1,-1.721886746526914,1.721886746526914,-0.17085768930392367,0.17085768930392367
RTN3,1.7140080832039686,1.7140080832039686,-0.16792193288954946,0.16792193288954946
PPARG,-1.7121437113293612,1.7121437113293612,-0.20390064874595384,0.20390064874595384
MRPL10,-1.7109699348075256,1.7109699348075256,-0.1966295024798166,0.1966295024798166
HOXC4,-1.7107774043523771,1.7107774043523771,-0.2220998268813123,0.2220998268813123
HOXC9,-1.710517212583689,1.710517212583689,-0.21523839125500094,0.21523839125500094
AC012254.1,1.7039019447022987,1.7039019447022987,0.23832667572104294,0.23832667572104294
AC008764.6,1.6990485641687454,1.6990485641687454,0.19304967553890243,0.19304967553890243
ALG1L2,1.6908470048289699,1.6908470048289699,0.18979760364543538,0.18979760364543538
AC137561.1,1.684042342704469,1.684042342704469,0.1688439729134,0.1688439729134
SRD5A3,-1.6826964525996553,1.6826964525996553,-0.17812476782580644,0.17812476782580644
AP3S1,1.6789397192970912,1.6789397192970912,-0.2234605789892462,0.2234605789892462
P2RY6,-1.673655630112859,1.673655630112859,-0.21299504112242623,0.21299504112242623
DRP2,-1.6675504610163006,1.6675504610163006,-0.2023067662988922,0.2023067662988922
AL109917.1,-1.6662079369530343,1.6662079369530343,-0.19095380851240634,0.19095380851240634
ZC3H10,-1.6644891120643188,1.6644891120643188,-0.18786942048965785,0.18786942048965785
FNDC4,-1.663866886585619,1.663866886585619,-0.19272144667520127,0.19272144667520127
STOML1,1.658423160101003,1.658423160101003,-0.2265283528036436,0.2265283528036436
CSRNP2,-1.6578005527576996,1.6578005527576996,-0.17115037462069538,0.17115037462069538
RABIF,-1.6557686346656244,1.6557686346656244,-0.1848819016031015,0.1848819016031015
AC004596.1,-1.6550542724786486,1.6550542724786486,-0.21036737009893852,0.21036737009893852
KRT10,-1.6519717113589345,1.6519717113589345,-0.19083841531148255,0.19083841531148255
G6PC3,-1.6495835610601126,1.6495835610601126,-0.2557909236539796,0.2557909236539796
OS9,1.6392802926521022,1.6392802926521022,-0.1832600656003913,0.1832600656003913
AL133343.2,-1.637425521017921,1.637425521017921,-0.17458356437542533,0.17458356437542533
ACKR1,-1.6367473650592859,1.6367473650592859,-0.23695777249716635,0.23695777249716635
LANCL3,1.6328164197746888,1.6328164197746888,0.25899616851187407,0.25899616851187407
PFN2,-1.6236140054723982,1.6236140054723982,-0.18086664114719883,0.18086664114719883
NTN4,-1.622126265018298,1.622126265018298,-0.2496150270062191,0.2496150270062191
MGAT5B,-1.6212976416763087,1.6212976416763087,-0.18541653952311726,0.18541653952311726
TMEFF2,1.6212901616288447,1.6212901616288447,-0.18864734484195755,0.18864734484195755
HSPA5,1.6183644550555276,1.6183644550555276,-0.17879610753998626,0.17879610753998626
RGS8,1.6144819575285072,1.6144819575285072,-0.2077939805458594,0.2077939805458594
PLAUR,-1.6124544221384456,1.6124544221384456,-0.22055561039984503,0.22055561039984503
DES,1.6108703526945505,1.6108703526945505,-0.233060240770349,0.233060240770349
NAT16,-1.608726161145136,1.608726161145136,-0.22717832795428075,0.22717832795428075
RPS3AP18,1.6052778381752586,1.6052778381752586,0.21106691804591024,0.21106691804591024
FCRLB,-1.5964886394958917,1.5964886394958917,-0.2108225042176339,0.2108225042176339
MAP1B,-1.5949443522370257,1.5949443522370257,-0.2194424122174839,0.2194424122174839
PTPRN,1.572748627890617,1.572748627890617,-0.2900818378588547,0.2900818378588547
ARL6IP1,-1.570427209792331,1.570427209792331,-0.21964285941822492,0.21964285941822492
TFAP2A,1.5674547672672505,1.5674547672672505,-0.21639536300104575,0.21639536300104575
GPRIN1,-1.5663723366402715,1.5663723366402715,-0.16773303631928368,0.16773303631928368
AC090617.5,-1.5520976629975558,1.5520976629975558,-0.20303797715790756,0.20303797715790756
AC005479.2,-1.5502619783040243,1.5502619783040243,-0.19220754523503786,0.19220754523503786
CRTAC1,1.5479842585324677,1.5479842585324677,-0.19310353340107578,0.19310353340107578
PCDHB3,-1.5476664492923995,1.5476664492923995,-0.21640465024536829,0.21640465024536829
AC010487.1,-1.5271095467147477,1.5271095467147477,0.19710196331096788,0.19710196331096788
PRDX2P1,1.5247029407914778,1.5247029407914778,0.17760430816784864,0.17760430816784864
RND3,-1.5228247898075498,1.5228247898075498,-0.23368806529397704,0.23368806529397704
ASLP1,1.5177386357616174,1.5177386357616174,0.2001585538957901,0.2001585538957901
RAD51D,-1.5091128080878105,1.5091128080878105,-0.2265221286805315,0.2265221286805315
DNAJC30,-1.5035559938402503,1.5035559938402503,-0.26750237914726044,0.26750237914726044
AC107021.2,-1.4958585402010967,1.4958585402010967,-0.2039022868521127,0.2039022868521127
AC009549.1,1.495131815537777,1.495131815537777,-0.17314574648120323,0.17314574648120323
LINC02308,-1.482935734187869,1.482935734187869,0.16977415117494074,0.16977415117494074
HCAR1,1.480501101490142,1.480501101490142,0.1867666618626679,0.1867666618626679
SULF1,-1.47564901013379,1.47564901013379,-0.2645190155778136,0.2645190155778136
MPI,1.4726200972788195,1.4726200972788195,-0.23088054879298162,0.23088054879298162
TRAPPC4,-1.4699237478373854,1.4699237478373854,-0.18234212658998292,0.18234212658998292
BET1-AS1,-1.4692122653822648,1.4692122653822648,-0.17567634771133586,0.17567634771133586
MFSD5,-1.4686844349464259,1.4686844349464259,-0.2460207100836299,0.2460207100836299
SMPD1,1.4655229426856309,1.4655229426856309,-0.18919636738753814,0.18919636738753814
CD40,1.4629730884467047,1.4629730884467047,-0.18325257657896604,0.18325257657896604
PIM1,1.4615668402125674,1.4615668402125674,-0.17255367432619179,0.17255367432619179
AC016582.3,-1.4545912531251342,1.4545912531251342,-0.17206814172791857,0.17206814172791857
RAB5C,-1.4543977000656167,1.4543977000656167,-0.2830935293022073,0.2830935293022073
BAG3,1.451520403078688,1.451520403078688,-0.16955847106692645,0.16955847106692645
QARS1,1.4477427713279003,1.4477427713279003,0.17054146466384576,0.17054146466384576
C5orf38,1.4439456989183075,1.4439456989183075,-0.17632816320539377,0.17632816320539377
FAM86C1P,-1.4402805186019423,1.4402805186019423,-0.19862740757537928,0.19862740757537928
HAGH,-1.4374198363484676,1.4374198363484676,-0.2932640602868561,0.2932640602868561
FAM234A,-1.4333594065875856,1.4333594065875856,-0.16886163012723557,0.16886163012723557
ARRDC4,1.4318614701413312,1.4318614701413312,-0.17169074611328408,0.17169074611328408
AC092645.2,1.4302809823145253,1.4302809823145253,0.19341657201240103,0.19341657201240103
AC002467.1,1.4187952999805322,1.4187952999805322,-0.18378939730437333,0.18378939730437333
GLUL,-1.4173209894415075,1.4173209894415075,-0.1672773403541497,0.1672773403541497
STARD7-AS1,-1.4153256237971987,1.4153256237971987,0.19388153382215126,0.19388153382215126
DUSP23,1.4132301391456088,1.4132301391456088,-0.16851027902102528,0.16851027902102528
MMD,-1.4094637814226454,1.4094637814226454,-0.234776902507657,0.234776902507657
GLYATL2,1.4089432415900114,1.4089432415900114,-0.24059995531504874,0.24059995531504874
SIGLEC14,-1.4041402763928081,1.4041402763928081,-0.2077517749208873,0.2077517749208873
AC004241.3,-1.3959272324388692,1.3959272324388692,-0.22672919620791113,0.22672919620791113
ACTG2,1.39143105425964,1.39143105425964,-0.1733500371313285,0.1733500371313285
AL606748.1,1.390694064737504,1.390694064737504,0.17077470575485315,0.17077470575485315
LINC01638,1.3887443360316478,1.3887443360316478,-0.17637459739181544,0.17637459739181544
MAGEE1,1.3887182252215344,1.3887182252215344,-0.20857201088560778,0.20857201088560778
GRHPR,1.3833253494808677,1.3833253494808677,0.17216724339175687,0.17216724339175687
ARPC2,1.3831593193627134,1.3831593193627134,-0.168047940500513,0.168047940500513
KDM8,-1.3796694548646495,1.3796694548646495,-0.1865783292909181,0.1865783292909181
TLNRD1,-1.3752329261285083,1.3752329261285083,-0.17110164822270665,0.17110164822270665
RPL26L1,-1.3729231515623501,1.3729231515623501,-0.16978804270355535,0.16978804270355535
SNRNP35,-1.3723196719745703,1.3723196719745703,-0.17955246165514985,0.17955246165514985
EIF1,-1.3715463712047617,1.3715463712047617,-0.2542057894541573,0.2542057894541573
RNASET2,1.3526487085131778,1.3526487085131778,-0.18198727423565483,0.18198727423565483
NRG1,-1.3468937384286312,1.3468937384286312,-0.2510939964287086,0.2510939964287086
RPS26P38,-1.3399958405322967,1.3399958405322967,-0.17676279840918283,0.17676279840918283
OSCAR,1.335859213319242,1.335859213319242,-0.17208584056684742,0.17208584056684742
C12orf75,1.3209451703386579,1.3209451703386579,-0.17830768436717437,0.17830768436717437
ACOT7,-1.3202266908178646,1.3202266908178646,-0.23248090721389794,0.23248090721389794
CNPY3,1.319560655323404,1.319560655323404,-0.21425870185653711,0.21425870185653711
TUBG1,-1.3174737312009985,1.3174737312009985,-0.1729523904004415,0.1729523904004415
KCNC1,1.3174731936043407,1.3174731936043407,-0.1737749493536977,0.1737749493536977
LINC02361,-1.3140282712181728,1.3140282712181728,-0.1759525383098269,0.1759525383098269
GNGT2,1.2982586136161782,1.2982586136161782,-0.16709578502329128,0.16709578502329128
FAHD1,-1.2973459703201333,1.2973459703201333,-0.22233103746680777,0.22233103746680777
MLLT11,-1.296982514009362,1.296982514009362,-0.20136929875912657,0.20136929875912657
NSG1,-1.296379759665255,1.296379759665255,-0.18845357691266576,0.18845357691266576
HPCAL1,1.2942878598133485,1.2942878598133485,-0.2843417115650118,0.2843417115650118
B4GAT1,1.2888621971324115,1.2888621971324115,-0.171909667355709,0.171909667355709
ZNF622,-1.2882571482171865,1.2882571482171865,-0.21785818995340264,0.21785818995340264
TMBIM6,-1.2850001702425315,1.2850001702425315,-0.17198220491688693,0.17198220491688693
HOXD10,-1.2823965467639433,1.2823965467639433,-0.1680350274943455,0.1680350274943455
RNF182,1.2788863159841812,1.2788863159841812,-0.21650637967508796,0.21650637967508796
BNC2-AS1,-1.272227003928218,1.272227003928218,-0.17347507231442896,0.17347507231442896
RGS3,-1.2672213240566288,1.2672213240566288,-0.22052838302871497,0.22052838302871497
AC018521.5,-1.265729999172754,1.265729999172754,-0.19034317594538863,0.19034317594538863
LINC02094,-1.2629260224537886,1.2629260224537886,-0.1960971502535059,0.1960971502535059
WAC-AS1,1.2604367207527218,1.2604367207527218,-0.18318045480597442,0.18318045480597442
ZFYVE28,-1.2483617807506235,1.2483617807506235,-0.17130307027532804,0.17130307027532804
FOSB,1.2474989770448124,1.2474989770448124,-0.1934512935482526,0.1934512935482526
TMIGD3,1.247334907179619,1.247334907179619,-0.17121848492344663,0.17121848492344663
TRAPPC1,1.2440082874178209,1.2440082874178209,-0.3009132103195585,0.3009132103195585
CHST2,-1.2418452891633753,1.2418452891633753,-0.17105480835411144,0.17105480835411144
ACTA1,-1.2413050586398917,1.2413050586398917,-0.17303229161941194,0.17303229161941194
RFESD,-1.2393100688933314,1.2393100688933314,-0.19171521219230797,0.19171521219230797
LARP6,1.2387486061179995,1.2387486061179995,-0.17478062991072882,0.17478062991072882
AQP9,1.2365071692490255,1.2365071692490255,-0.16957564280485762,0.16957564280485762
KCTD11,1.2344249149537372,1.2344249149537372,-0.22630872294363372,0.22630872294363372
CLTB,1.2336425677967884,1.2336425677967884,-0.1947695136259706,0.1947695136259706
PTMAP8,1.2321569499751235,1.2321569499751235,-0.16762603694833178,0.16762603694833178
AC009779.2,1.2221869515801715,1.2221869515801715,-0.18835542664118937,0.18835542664118937
COPRS,-1.2181902713353439,1.2181902713353439,-0.21183833804331134,0.21183833804331134
MIEF2,-1.2149812767772403,1.2149812767772403,-0.18852540890919245,0.18852540890919245
ACVR1B,-1.2126266539937696,1.2126266539937696,-0.19383161534980073,0.19383161534980073
OSGEPL1-AS1,-1.2036851782074507,1.2036851782074507,0.17190070058019435,0.17190070058019435
GNL3L,1.187830081043673,1.187830081043673,0.1774889836923995,0.1774889836923995
UCHL3,-1.185061968537501,1.185061968537501,-0.21136448492541215,0.21136448492541215
CWC15,-1.1828150999429545,1.1828150999429545,-0.1928046212650204,0.1928046212650204
AC011444.1,-1.1813229481475689,1.1813229481475689,0.17236607409161833,0.17236607409161833
GJB2,-1.1786587475314325,1.1786587475314325,-0.1762352483050338,0.1762352483050338
C1QL2,-1.1776989420216462,1.1776989420216462,-0.221394974463587,0.221394974463587
BTG1,1.17705740797876,1.17705740797876,-0.24022585183183315,0.24022585183183315
MICAL2,1.174573114683307,1.174573114683307,-0.17057839815660514,0.17057839815660514
HSPA1L,1.1701860469435887,1.1701860469435887,-0.1770724798753305,0.1770724798753305
TMED9,1.1700896667853176,1.1700896667853176,-0.19065567726115495,0.19065567726115495
HS6ST1,1.1671972897431624,1.1671972897431624,-0.18331471524198292,0.18331471524198292
SPRYD4,-1.1592722290444324,1.1592722290444324,-0.21773295742287616,0.21773295742287616
ASAH2B,-1.1586440365456234,1.1586440365456234,-0.18357525816764417,0.18357525816764417
SBDS,-1.1531871506280318,1.1531871506280318,-0.20613592678442638,0.20613592678442638
SAR1B,-1.1517807166660443,1.1517807166660443,-0.1766858022881544,0.1766858022881544
ADAMTS16,-1.1486677114067054,1.1486677114067054,-0.2043176654820819,0.2043176654820819
NDFIP1,1.147893816789559,1.147893816789559,-0.1854730261839249,0.1854730261839249
FAM241A,1.1437847950497715,1.1437847950497715,-0.17645823435133093,0.17645823435133093
CACNB2,1.1409539006582055,1.1409539006582055,-0.2096976832418518,0.2096976832418518
KIFAP3,-1.1330387789613343,1.1330387789613343,-0.19080234996613732,0.19080234996613732
CYBC1,-1.1136551619806183,1.1136551619806183,-0.24054793748399836,0.24054793748399836
POLR1E,1.102403468963018,1.102403468963018,0.17916503265162084,0.17916503265162084
NINJ1,1.0972087647467397,1.0972087647467397,-0.19346885420813892,0.19346885420813892
FAM86HP,1.0958357969641122,1.0958357969641122,0.16973275765153603,0.16973275765153603
MAP2K4,1.0943754945167987,1.0943754945167987,-0.17995656194433093,0.17995656194433093
VPS25,-1.0930944480317,1.0930944480317,-0.22685923877972447,0.22685923877972447
CCN1,-1.0911959640522069,1.0911959640522069,-0.1891185618299004,0.1891185618299004
NRXN3,-1.0836253867602819,1.0836253867602819,-0.26892118108372554,0.26892118108372554
AL133338.2,1.0806891898694198,1.0806891898694198,0.22493764719702594,0.22493764719702594
LMO7,-1.0777996478741783,1.0777996478741783,-0.2205005973498929,0.2205005973498929
SLC35C1,1.0744293257015125,1.0744293257015125,-0.22410771360521994,0.22410771360521994
GALE,-1.0520647974789856,1.0520647974789856,-0.21353452181646115,0.21353452181646115
NINJ2-AS1,1.0469867106640547,1.0469867106640547,-0.18735900382683976,0.18735900382683976
MIR6804,1.0427066392528443,1.0427066392528443,0.18804529025627306,0.18804529025627306
FSTL3,-1.0386273592327402,1.0386273592327402,-0.16819121395925804,0.16819121395925804
BASP1,1.0333951964000523,1.0333951964000523,-0.2106678654782752,0.2106678654782752
ZNF432,1.0305744259002816,1.0305744259002816,0.22631252068451868,0.22631252068451868
ASB8,-1.0274363502127832,1.0274363502127832,-0.17643027070904893,0.17643027070904893
SNRPEP2,-1.0210695358781758,1.0210695358781758,-0.18996619197732792,0.18996619197732792
LRRFIP1,1.0180924051501925,1.0180924051501925,-0.20180461838738434,0.20180461838738434
S100A11,1.0161743127880425,1.0161743127880425,-0.171466461316147,0.171466461316147
SMN1,-1.0139721717286023,1.0139721717286023,-0.17865983636834823,0.17865983636834823
NSMCE1,1.0085456272376159,1.0085456272376159,-0.17020544255054806,0.17020544255054806
HOXD8,1.00620430245668,1.00620430245668,-0.167915848053882,0.167915848053882
EPHB2,-1.0047455794119982,1.0047455794119982,-0.24055027305980556,0.24055027305980556
PSMA1,-1.0008668822447757,1.0008668822447757,-0.16748373217778315,0.16748373217778315
ETS2,0.9999018877780127,0.9999018877780127,-0.17060880076046667,0.17060880076046667
AC130343.3,-0.993831207414353,0.993831207414353,-0.19371022525251974,0.19371022525251974
PUS3,-0.9928886597859139,0.9928886597859139,-0.20455649090103073,0.20455649090103073
SERGEF,-0.9910019529630727,0.9910019529630727,-0.21428102172293867,0.21428102172293867
GFAP,-0.985730241749701,0.985730241749701,-0.185385772082773,0.185385772082773
ERP29,-0.9831807681136193,0.9831807681136193,-0.20385613815191925,0.20385613815191925
UBE2D2,-0.9795745167243496,0.9795745167243496,-0.2179845870905726,0.2179845870905726
PFN1P1,0.9739188234704882,0.9739188234704882,-0.18698691240895546,0.18698691240895546
AC002059.3,0.96756368753963,0.96756368753963,0.19492354274403764,0.19492354274403764
CD200,-0.9595719247902808,0.9595719247902808,-0.21006073440785059,0.21006073440785059
TNFAIP1,-0.9562652536097768,0.9562652536097768,-0.1896946221423254,0.1896946221423254
AC067931.1,-0.944904521427408,0.944904521427408,-0.17696538261933686,0.17696538261933686
STAT3,-0.942298622779905,0.942298622779905,-0.19912304465971836,0.19912304465971836
FADS3,-0.9255061863438816,0.9255061863438816,-0.22817979211408274,0.22817979211408274
SHISA5,0.9225586252608726,0.9225586252608726,-0.18330810680712076,0.18330810680712076
AC091271.1,-0.9221017248281871,0.9221017248281871,-0.1742782143828946,0.1742782143828946
CCDC127,0.9180664924788959,0.9180664924788959,-0.2101061736095297,0.2101061736095297
WASHC3,-0.9180011151377058,0.9180011151377058,-0.2611728734593742,0.2611728734593742
TMED5,0.917681929415128,0.917681929415128,-0.18628464488464969,0.18628464488464969
TSPAN31,-0.9157396874469375,0.9157396874469375,-0.17654781670912473,0.17654781670912473
VMP1,-0.9040761421380558,0.9040761421380558,-0.17661228014309904,0.17661228014309904
MIR4678,0.8983821885021055,0.8983821885021055,0.19751036872965014,0.19751036872965014
MSRA,0.8975980617055426,0.8975980617055426,-0.2762275453667515,0.2762275453667515
ENTPD3-AS1,-0.8932464961718407,0.8932464961718407,-0.1701032220349738,0.1701032220349738
PTGES3P1,-0.8897501249488127,0.8897501249488127,-0.16755911615867047,0.16755911615867047
SPRYD3,0.888738240994851,0.888738240994851,-0.18541645046556088,0.18541645046556088
HOXB5,0.8881271966669965,0.8881271966669965,-0.1914953389821625,0.1914953389821625
PFDN2,-0.8877389519909544,0.8877389519909544,-0.19671551142349886,0.19671551142349886
SLC25A39,-0.8786674484699476,0.8786674484699476,-0.16943047309832743,0.16943047309832743
NUDCD2,-0.8711625131264349,0.8711625131264349,-0.16784787522250058,0.16784787522250058
AC073263.1,0.8699976984112546,0.8699976984112546,0.17354557166315868,0.17354557166315868
MT-CO2,0.8554803445819013,0.8554803445819013,0.17171685029834613,0.17171685029834613
TMEM50A,-0.8504556384404818,0.8504556384404818,-0.20796510622920591,0.20796510622920591
STEAP3,-0.848421283599894,0.848421283599894,-0.18581245079879147,0.18581245079879147
CYGB,-0.8454201771666401,0.8454201771666401,-0.17106685624752974,0.17106685624752974
CD1D,0.8448107065812063,0.8448107065812063,-0.22283965926664112,0.22283965926664112
PTX3,-0.83485343982083,0.83485343982083,-0.2076562278281401,0.2076562278281401
CPD,0.8347457103262816,0.8347457103262816,-0.1947050252790635,0.1947050252790635
AC126773.4,-0.8218937517641818,0.8218937517641818,-0.16929840983564715,0.16929840983564715
TMEM9B,-0.8204178888837605,0.8204178888837605,-0.19229250264061548,0.19229250264061548
CAMLG,-0.8178823363808619,0.8178823363808619,-0.1978860883044607,0.1978860883044607
TIMP2,0.8154690308049518,0.8154690308049518,-0.17290955741292696,0.17290955741292696
COL25A1,0.810973099608357,0.810973099608357,0.2602949521232723,0.2602949521232723
CYB5D2,-0.8086607808411512,0.8086607808411512,-0.2836765098713629,0.2836765098713629
NACA4P,-0.806642752057898,0.806642752057898,-0.17206157758313081,0.17206157758313081
NRXN2-AS1,-0.8059079772551447,0.8059079772551447,-0.17818802767285732,0.17818802767285732
MACROH2A1,-0.802196840739292,0.802196840739292,-0.2135300458270928,0.2135300458270928
GPR1,0.8015488099048816,0.8015488099048816,-0.20335386056265412,0.20335386056265412
TMEM11,-0.7981774015569003,0.7981774015569003,-0.2057875229680201,0.2057875229680201
B4GALT7,-0.7891745034636792,0.7891745034636792,-0.28775268033777707,0.28775268033777707
AGAP2-AS1,-0.7890657194198547,0.7890657194198547,-0.21474952144733733,0.21474952144733733
HEIH,0.779928187407712,0.779928187407712,-0.19441749351299992,0.19441749351299992
AC012618.3,0.7742515022119401,0.7742515022119401,0.21075322564623328,0.21075322564623328
CXCL2,-0.7727740777334828,0.7727740777334828,-0.1708777987058039,0.1708777987058039
SLC44A3-AS1,-0.7726856699396651,0.7726856699396651,-0.17698974941306256,0.17698974941306256
AKIP1,0.7726582890374956,0.7726582890374956,-0.1758988874936065,0.1758988874936065
PSMB6,-0.7686651007690085,0.7686651007690085,-0.26705335814640474,0.26705335814640474
NFKBIE,0.7682689948943555,0.7682689948943555,-0.19333327813383336,0.19333327813383336
MED11,-0.7669583505114259,0.7669583505114259,-0.3094018227926344,0.3094018227926344
PGBD5,-0.7646682219700656,0.7646682219700656,-0.22180068023462932,0.22180068023462932
AC026410.1,-0.7610717842294141,0.7610717842294141,-0.18029364176173776,0.18029364176173776
SLC17A6,0.7538143904458839,0.7538143904458839,-0.17109593278315935,0.17109593278315935
ATP6V1B2,0.7436826498385181,0.7436826498385181,-0.20335322079773777,0.20335322079773777
TGM2,-0.7414322563811502,0.7414322563811502,-0.22621504562444017,0.22621504562444017
AL161935.2,0.7395931842970536,0.7395931842970536,0.19009568232285903,0.19009568232285903
MXRA5,0.7267931603770456,0.7267931603770456,-0.22331220198801277,0.22331220198801277
TXNDC11,-0.7202183704874354,0.7202183704874354,-0.24334743818134677,0.24334743818134677
POLDIP2,-0.7194744524253883,0.7194744524253883,-0.17019333963116545,0.17019333963116545
PCSK2,-0.7188247480647882,0.7188247480647882,-0.2125983999548544,0.2125983999548544
PRR13,-0.715535835440424,0.715535835440424,-0.3108448668091651,0.3108448668091651
NOL7,0.7115024318926433,0.7115024318926433,-0.1724413543427721,0.1724413543427721
CHPF,-0.7109112604069583,0.7109112604069583,-0.18260675597185688,0.18260675597185688
ZNF267,-0.7047084881378927,0.7047084881378927,-0.17117432375767566,0.17117432375767566
CD47,0.7016119012545816,0.7016119012545816,-0.17016930461112081,0.17016930461112081
BMERB1,0.7006541171251445,0.7006541171251445,-0.1891940995779812,0.1891940995779812
ZNF383,0.6937821487580602,0.6937821487580602,0.17828681952053665,0.17828681952053665
KLHL35,0.686586608789968,0.686586608789968,-0.16851029954831528,0.16851029954831528
MIF4GD,-0.6818577555080312,0.6818577555080312,-0.17584345364004167,0.17584345364004167
IL6ST,-0.6791497021179024,0.6791497021179024,-0.18000222051660258,0.18000222051660258
ROM1,-0.678755453442339,0.678755453442339,-0.2179091083748305,0.2179091083748305
RAB1A,0.6698169170015295,0.6698169170015295,-0.16797195892912606,0.16797195892912606
CELF5,-0.6692784701673005,0.6692784701673005,-0.1710777301262491,0.1710777301262491
GLTP,0.6648448965850771,0.6648448965850771,-0.19327795272871648,0.19327795272871648
AL356019.2,0.6639421057322172,0.6639421057322172,0.1700701137469078,0.1700701137469078
ACTR1A,0.6633233699328835,0.6633233699328835,-0.19144484781172483,0.19144484781172483
LDHAP7,0.6566905763190175,0.6566905763190175,-0.19175075348106768,0.19175075348106768
EYA2,-0.6550423397897271,0.6550423397897271,0.21842885641949175,0.21842885641949175
SLC9A7,0.6541015401714874,0.6541015401714874,-0.18951212100893747,0.18951212100893747
ATP1B3,0.6516686043467008,0.6516686043467008,-0.24000956092016848,0.24000956092016848
IL1RN,-0.6430592096951764,0.6430592096951764,-0.16738057520348418,0.16738057520348418
HSP90B2P,0.6394183622783702,0.6394183622783702,-0.1822872199834121,0.1822872199834121
LINC01563,0.6390166758090519,0.6390166758090519,-0.25158148641616784,0.25158148641616784
PRKX,-0.6383349784614692,0.6383349784614692,-0.18547733747743791,0.18547733747743791
IL4I1,-0.6350387283834036,0.6350387283834036,-0.16869676452837848,0.16869676452837848
KIAA1191,0.6324528263617311,0.6324528263617311,-0.17702722720175254,0.17702722720175254
AC091965.4,0.6321096181986143,0.6321096181986143,-0.17489231858657125,0.17489231858657125
AL138955.1,-0.6305543459021995,0.6305543459021995,-0.19278037479585877,0.19278037479585877
MRPS18C,-0.6245134642277843,0.6245134642277843,-0.1838405309700738,0.1838405309700738
BTBD10,0.6219119327733843,0.6219119327733843,-0.19150576551347345,0.19150576551347345
AP002784.1,-0.6218084441465062,0.6218084441465062,-0.24171457695549167,0.24171457695549167
AC105942.1,-0.6124784912919806,0.6124784912919806,-0.1918541803638269,0.1918541803638269
ING2,0.6108680289952804,0.6108680289952804,-0.23993576746949052,0.23993576746949052
AC007448.5,0.609095270341493,0.609095270341493,-0.17240985350585533,0.17240985350585533
STX12,-0.6090908716242173,0.6090908716242173,-0.18946438702828572,0.18946438702828572
CTDNEP1,0.5992465280021355,0.5992465280021355,-0.23915198369280777,0.23915198369280777
RNU6-476P,-0.5956717550590273,0.5956717550590273,-0.18663193675270925,0.18663193675270925
SLC47A1,0.5946092440446666,0.5946092440446666,0.18646160609915677,0.18646160609915677
SPCS2,-0.5936865957366005,0.5936865957366005,-0.1706381911159532,0.1706381911159532
TVP23B,0.5929578430829032,0.5929578430829032,-0.19260394084763488,0.19260394084763488
RHNO1,-0.5904345043834677,0.5904345043834677,-0.1966024238346296,0.1966024238346296
AC002056.1,-0.58847626812327,0.58847626812327,-0.1687477847137944,0.1687477847137944
NIT1,-0.5875085788119426,0.5875085788119426,-0.18509617631928083,0.18509617631928083
ARF3,0.5801170112847533,0.5801170112847533,-0.21029585489198827,0.21029585489198827
AC008764.2,0.5798516302728947,0.5798516302728947,0.18296408689628657,0.18296408689628657
RGMB,0.5750967982194052,0.5750967982194052,-0.1708596036879027,0.1708596036879027
L1CAM,0.5700633173629176,0.5700633173629176,-0.19712822551367862,0.19712822551367862
TIMM22,-0.5671001440826912,0.5671001440826912,-0.18329209385643858,0.18329209385643858
FAM167B,0.5628395116401699,0.5628395116401699,-0.17950515529914757,0.17950515529914757
HSPA4,0.5624477870085578,0.5624477870085578,-0.17407099465448175,0.17407099465448175
EN1,0.5601371924938379,0.5601371924938379,-0.1837274044984119,0.1837274044984119
PBX3,-0.5588375959274454,0.5588375959274454,-0.20472468073085578,0.20472468073085578
IFNAR2,-0.5547194223562749,0.5547194223562749,-0.1969414643716711,0.1969414643716711
GTF2H1,-0.5490634340892189,0.5490634340892189,-0.17345205203307923,0.17345205203307923
XRCC4,0.5467143177951431,0.5467143177951431,-0.17674610632276033,0.17674610632276033
CORO1C,0.5449595525550988,0.5449595525550988,-0.1707023573223065,0.1707023573223065
RPS20P4,-0.5385088021914212,0.5385088021914212,0.18739729087890042,0.18739729087890042
TSR3,0.5377831232941988,0.5377831232941988,-0.17329564919611617,0.17329564919611617
ARR3,-0.5375853807637229,0.5375853807637229,0.17891786782059874,0.17891786782059874
ERLIN2,-0.5364476994791582,0.5364476994791582,-0.18883664249093945,0.18883664249093945
AL162377.1,-0.5279793969402888,0.5279793969402888,-0.16977826643517732,0.16977826643517732
PFDN1,-0.5273187325489626,0.5273187325489626,-0.22530504613396024,0.22530504613396024
NUBP1,-0.5264191374272819,0.5264191374272819,-0.18015850230493546,0.18015850230493546
PIGP,-0.5259549005505998,0.5259549005505998,-0.18128715937410655,0.18128715937410655
AP001330.4,0.5184296686434899,0.5184296686434899,-0.23691381008905985,0.23691381008905985
SCRT2,0.5131648374901561,0.5131648374901561,-0.1879192985492004,0.1879192985492004
HEXA,-0.5099828489924134,0.5099828489924134,-0.18502994518381355,0.18502994518381355
CTSL,0.5040668640349315,0.5040668640349315,-0.20917017229377555,0.20917017229377555
AC069236.1,-0.504010972348046,0.504010972348046,-0.26362694008260795,0.26362694008260795
MT1F,0.5039193163751388,0.5039193163751388,-0.168970935330758,0.168970935330758
ATPAF2,0.5024232962455982,0.5024232962455982,-0.1774069816645915,0.1774069816645915
AL354696.1,0.4984897319182563,0.4984897319182563,0.18817105859213829,0.18817105859213829
ATP13A4-AS1,0.4951598652214218,0.4951598652214218,0.17696393271325075,0.17696393271325075
RIC8A,0.4914038033010137,0.4914038033010137,-0.17246465553639498,0.17246465553639498
EGFR,-0.4913864736667022,0.4913864736667022,0.16779903076734826,0.16779903076734826
RAB27B,-0.48892645547985836,0.48892645547985836,-0.2666085652257469,0.2666085652257469
ZCRB1,-0.4847701238064248,0.4847701238064248,-0.21688561560464487,0.21688561560464487
PDE1B,-0.48098058811155375,0.48098058811155375,-0.19267972205756115,0.19267972205756115
RCOR3,-0.4779875331971561,0.4779875331971561,0.18183289692235796,0.18183289692235796
ATP6V1G2,0.4758994996396011,0.4758994996396011,-0.18069161531101427,0.18069161531101427
MRFAP1L1,0.4659779574812857,0.4659779574812857,-0.1872567838076149,0.1872567838076149
SH2D5,0.4631516220037418,0.4631516220037418,-0.17665132583032514,0.17665132583032514
LACTB,-0.4610957704306305,0.4610957704306305,-0.18882804049413932,0.18882804049413932
TSPAN13,-0.4602827998710374,0.4602827998710374,-0.21858818629182097,0.21858818629182097
SCG5,0.4528494802929487,0.4528494802929487,-0.1931758761186373,0.1931758761186373
ST8SIA4,0.44640389357486143,0.44640389357486143,-0.19246325008999055,0.19246325008999055
CATSPER1,-0.44532328556210166,0.44532328556210166,-0.22428102901627775,0.22428102901627775
KCTD10,0.44261390500867226,0.44261390500867226,-0.1722592444023069,0.1722592444023069
AC061992.2,-0.4365918323997632,0.4365918323997632,-0.21800639897090138,0.21800639897090138
NDUFS6,0.43489209278825414,0.43489209278825414,-0.17096554665263192,0.17096554665263192
WBP2,-0.4286532201965752,0.4286532201965752,-0.20329912510851605,0.20329912510851605
LINC01141,-0.4267440255820568,0.4267440255820568,-0.17860601691604833,0.17860601691604833
PIGV,-0.41821238646700654,0.41821238646700654,-0.16876396443216413,0.16876396443216413
MEA1,0.4114894611556759,0.4114894611556759,-0.19447782470376576,0.19447782470376576
HOXC6,-0.4066821937941578,0.4066821937941578,-0.17025620922428067,0.17025620922428067
MED7,0.4015373368595345,0.4015373368595345,-0.2122303069597448,0.2122303069597448
AC067852.2,-0.39827280002757237,0.39827280002757237,-0.18874316021227683,0.18874316021227683
B3GAT3,0.38778708479655166,0.38778708479655166,-0.22763432833413058,0.22763432833413058
MTMR14,-0.3871975774163696,0.3871975774163696,-0.1930825282954817,0.1930825282954817
AC000067.1,-0.3862094136991601,0.3862094136991601,-0.17902997770179221,0.17902997770179221
TKTL1,0.3835323513389327,0.3835323513389327,-0.17198251858511876,0.17198251858511876
PSMC2,-0.3788038700207892,0.3788038700207892,-0.16986441521100937,0.16986441521100937
AC096586.2,0.3728597172991678,0.3728597172991678,0.2076821063283111,0.2076821063283111
NXPH4,-0.37105827901612753,0.37105827901612753,-0.17251365816184702,0.17251365816184702
STC1,0.36280619355735,0.36280619355735,-0.19856724349080795,0.19856724349080795
CACNA1A,0.3558960500592559,0.3558960500592559,-0.16952622747844112,0.16952622747844112
CADM3,0.35217127035694507,0.35217127035694507,-0.26198901425261806,0.26198901425261806
NDEL1,0.3433604841744507,0.3433604841744507,-0.17559245607653143,0.17559245607653143
RPLP0P2,0.3428477064848588,0.3428477064848588,-0.17220747884285753,0.17220747884285753
JAKMIP2,-0.3422441572550269,0.3422441572550269,-0.18962604152466575,0.18962604152466575
RABGEF1,0.33768287050708135,0.33768287050708135,-0.19303661110277348,0.19303661110277348
WSB2,-0.33735258007718116,0.33735258007718116,-0.17277023905189304,0.17277023905189304
ZFP69,-0.32323516553956066,0.32323516553956066,-0.1711016483890962,0.1711016483890962
RWDD4P2,0.3206610932579326,0.3206610932579326,-0.23193411959600546,0.23193411959600546
NCF2,-0.32024352909261977,0.32024352909261977,-0.21260045767476654,0.21260045767476654
TMEM159,-0.3161162727882302,0.3161162727882302,-0.1705930796236086,0.1705930796236086
TNIP2,0.31530786642771835,0.31530786642771835,-0.2151433184281206,0.2151433184281206
PEA15,-0.30218577108900097,0.30218577108900097,-0.18088804290855498,0.18088804290855498
SIL1,0.3020911236140051,0.3020911236140051,-0.2335935332304534,0.2335935332304534
FBXO8,0.3004559851300313,0.3004559851300313,-0.19580466493441745,0.19580466493441745
AC087623.2,0.29300946160949704,0.29300946160949704,-0.20074365288192642,0.20074365288192642
AP000873.4,0.2909973030911892,0.2909973030911892,0.1909180140806934,0.1909180140806934
IFTAP,0.28324578042774307,0.28324578042774307,-0.18345171031206337,0.18345171031206337
ZNF581,-0.28303284746977686,0.28303284746977686,0.18282269337750884,0.18282269337750884
MIR1-1HG-AS1,0.25755335601224205,0.25755335601224205,-0.17404430155272063,0.17404430155272063
IFI16,0.25656688611874834,0.25656688611874834,-0.27199827043262453,0.27199827043262453
AC092375.2,0.24382183492645698,0.24382183492645698,0.17635987648551815,0.17635987648551815
VGF,0.2395687164995962,0.2395687164995962,-0.1955593122670376,0.1955593122670376
ZMIZ1-AS1,-0.233399894129143,0.233399894129143,-0.182504239741554,0.182504239741554
LDHAP3,-0.23280657704298893,0.23280657704298893,-0.20380792144124568,0.20380792144124568
AC026471.6,0.23155486599983666,0.23155486599983666,-0.21757544052716235,0.21757544052716235
FICD,-0.2290359623402525,0.2290359623402525,-0.191796560708156,0.191796560708156
AC068888.1,0.22764412590843602,0.22764412590843602,-0.17822976441888522,0.17822976441888522
ORC2,0.22717298857240126,0.22717298857240126,0.17153416296118323,0.17153416296118323
MSC-AS1,0.21881438242260237,0.21881438242260237,-0.2500075117552235,0.2500075117552235
OLFM1,-0.2182924359450562,0.2182924359450562,-0.1778677248989385,0.1778677248989385
NUDT9,-0.21764307525993587,0.21764307525993587,-0.18109993402241986,0.18109993402241986
RGS16,-0.217252557124906,0.217252557124906,-0.3078565124583783,0.3078565124583783
SNORA11,0.21691855954940487,0.21691855954940487,0.1795402131855623,0.1795402131855623
AC108673.2,-0.20900827244794473,0.20900827244794473,-0.18806532204099272,0.18806532204099272
ITGA6-AS1,0.20257389296056683,0.20257389296056683,-0.19863065927756976,0.19863065927756976
SHOX2,-0.20254963915390745,0.20254963915390745,0.2012815447330314,0.2012815447330314
GRPEL1,-0.2018028880609824,0.2018028880609824,-0.20278566866397693,0.20278566866397693
TAF7L,0.1987939812256194,0.1987939812256194,0.19471446465377587,0.19471446465377587
EXT2,-0.19381094084460893,0.19381094084460893,-0.20058016998620237,0.20058016998620237
CD81,0.19296873571350556,0.19296873571350556,-0.2591367759676794,0.2591367759676794
APLP2,0.18964947709954416,0.18964947709954416,-0.218472463790344,0.218472463790344
HYLS1,0.18823013463832566,0.18823013463832566,-0.16989853291027493,0.16989853291027493
ZSCAN5A,0.18485762274832276,0.18485762274832276,0.20667612557401827,0.20667612557401827
HARBI1,-0.1725053478963785,0.1725053478963785,-0.18248317066495168,0.18248317066495168
PLEK2,0.17194037958420422,0.17194037958420422,-0.18502791353951872,0.18502791353951872
SCARB1,-0.1712893836846192,0.1712893836846192,-0.21585937897200283,0.21585937897200283
AC007318.1,-0.16933311514071814,0.16933311514071814,-0.19820256039826678,0.19820256039826678
LONRF1,-0.16915996684831128,0.16915996684831128,-0.17739220009673493,0.17739220009673493
FP671120.9,-0.16512355004251938,0.16512355004251938,-0.18036775490597803,0.18036775490597803
RNF112,-0.16280098587436248,0.16280098587436248,-0.2543531215270525,0.2543531215270525
LINC01503,-0.16006663495329065,0.16006663495329065,-0.24082530099841365,0.24082530099841365
GLOD4,-0.15651591668137155,0.15651591668137155,-0.1983945525171355,0.1983945525171355
SMUG1,0.15522659358841623,0.15522659358841623,-0.23472240927912552,0.23472240927912552
ARPC3P4,0.1550790961193551,0.1550790961193551,-0.2001748534727157,0.2001748534727157
TNFSF9,0.144406693250319,0.144406693250319,-0.1906836209453793,0.1906836209453793
TALDO1,0.1384115966541497,0.1384115966541497,-0.2220819814612427,0.2220819814612427
AC104024.4,0.13724393335544482,0.13724393335544482,-0.24191281199940567,0.24191281199940567
ZDHHC16,-0.13342331097162058,0.13342331097162058,-0.18261349874620234,0.18261349874620234
AEBP1,0.13288106488888496,0.13288106488888496,-0.17684106327557744,0.17684106327557744
LITAF,-0.12719589234561862,0.12719589234561862,-0.2042221671843127,0.2042221671843127
SPCS2P4,0.12707383717040882,0.12707383717040882,-0.17599429418695295,0.17599429418695295
BICDL1,-0.12666129529282538,0.12666129529282538,-0.19607402416795855,0.19607402416795855
UBASH3B,0.12526109291634735,0.12526109291634735,-0.17194339053737082,0.17194339053737082
OLR1,0.1240698749380128,0.1240698749380128,-0.16833759089309758,0.16833759089309758
GNA12,0.1238914148680797,0.1238914148680797,-0.16712356233343992,0.16712356233343992
TUSC3,-0.12245997406954534,0.12245997406954534,-0.16760720378269597,0.16760720378269597
BABAM2,-0.11941985015429535,0.11941985015429535,-0.20425719466959655,0.20425719466959655
AC010654.1,-0.11813205492817891,0.11813205492817891,-0.2588020146679102,0.2588020146679102
CD2BP2-DT,0.11500771038918639,0.11500771038918639,-0.19352889347547123,0.19352889347547123
UBXN1,0.1142837484450237,0.1142837484450237,-0.1761053828637011,0.1761053828637011
PTP4A2,0.10683378582470379,0.10683378582470379,-0.19960944177420706,0.19960944177420706
AC016546.1,0.10639375256560327,0.10639375256560327,0.18026975031664605,0.18026975031664605
RNF167,0.09638218786277283,0.09638218786277283,-0.26393591927894666,0.26393591927894666
PFN1,-0.09435806744671563,0.09435806744671563,-0.22203157016449954,0.22203157016449954
SCARB2,-0.08351175699977281,0.08351175699977281,-0.19159857832206834,0.19159857832206834
PCDHB4,-0.08241309207555592,0.08241309207555592,-0.18374124039586845,0.18374124039586845
CRK,0.08049893659267132,0.08049893659267132,-0.18324694262439792,0.18324694262439792
CISD2,0.07926152155568718,0.07926152155568718,-0.2098295569594503,0.2098295569594503
GRN,-0.07698809222930296,0.07698809222930296,-0.17043885253363686,0.17043885253363686
PI4K2A,-0.07636297509246301,0.07636297509246301,-0.1843913083682001,0.1843913083682001
PPP2CA,-0.07496878327640438,0.07496878327640438,-0.21951464086205924,0.21951464086205924
SMIM15,0.05840663959252915,0.05840663959252915,-0.22154715048509863,0.22154715048509863
LINC01184,0.056320492935512195,0.056320492935512195,-0.1914332293009634,0.1914332293009634
RNU1-153P,-0.0548985888638957,0.0548985888638957,0.16751550897714082,0.16751550897714082
AC012442.2,-0.044064985711708304,0.044064985711708304,-0.18161189793946222,0.18161189793946222
EIF4A1P2,-0.04216536809019117,0.04216536809019117,-0.17307335320286987,0.17307335320286987
HSP90B1,0.03880310762779415,0.03880310762779415,-0.2246004379949516,0.2246004379949516
BLOC1S4,-0.03627989962813266,0.03627989962813266,-0.24290082856827838,0.24290082856827838
AC025171.1,0.03474611758160644,0.03474611758160644,-0.1899006821114839,0.1899006821114839
COA3,-0.03436962061979257,0.03436962061979257,-0.22522492595739924,0.22522492595739924
PANX1,-0.030447827235905778,0.030447827235905778,-0.22319533874827394,0.22319533874827394
ARMC10,0.02999338912519353,0.02999338912519353,-0.2204156522090583,0.2204156522090583
YRDC,-0.02437329731506005,0.02437329731506005,-0.16760578884411786,0.16760578884411786
ORMDL2,-0.020647283847442105,0.020647283847442105,-0.22859318487060984,0.22859318487060984
C1QTNF12,-0.016450557068275223,0.016450557068275223,0.18951942851094425,0.18951942851094425
BCL3,0.007810701103878159,0.007810701103878159,-0.16949239980311412,0.16949239980311412
RNU6-611P,0.0014656501127843224,0.0014656501127843224,0.196249432857069,0.196249432857069
